ncs_cas,ncs_name,constituent_cas,constituent_name,percent
8014-71-9,Balm oil,72203-98-6,"(E) 3,7-Dimethyl-3,6-octadienal (iso-Geranial)",0.85
84082-61-1,Balm oil,72203-98-6,"(E) 3,7-Dimethyl-3,6-octadienal (iso-Geranial)",0.85
8007-02-1,"Lemongrass oil, East Indian",72203-98-6,"(E) 3,7-Dimethyl-3,6-octadienal (iso-Geranial)",1.3
91844-92-7,"Lemongrass oil, East Indian",72203-98-6,"(E) 3,7-Dimethyl-3,6-octadienal (iso-Geranial)",1.3
8007-02-1,"Lemongrass oil, West Indian",72203-98-6,"(E) 3,7-Dimethyl-3,6-octadienal (iso-Geranial)",1.2
89998-14-1,"Lemongrass oil, West Indian",72203-98-6,"(E) 3,7-Dimethyl-3,6-octadienal (iso-Geranial)",1.2
68855-99-2,Litsea cubeba oil,72203-98-6,"(E) 3,7-Dimethyl-3,6-octadienal (iso-Geranial)",1.0
90063-59-5,Litsea cubeba oil,72203-98-6,"(E) 3,7-Dimethyl-3,6-octadienal (iso-Geranial)",1.0
8048-51-9,Petitgrain lemon oil,72203-98-6,"(E) 3,7-Dimethyl-3,6-octadienal (iso-Geranial)",0.5
84929-31-7,Petitgrain lemon oil,72203-98-6,"(E) 3,7-Dimethyl-3,6-octadienal (iso-Geranial)",0.5
8014-71-9,Balm oil,72203-97-5,"(Z) 3,7-Dimethyl-3,6-octadienal (iso-Neral)",0.4
84082-61-1,Balm oil,72203-97-5,"(Z) 3,7-Dimethyl-3,6-octadienal (iso-Neral)",0.4
8007-02-1,"Lemongrass oil, East Indian",72203-97-5,"(Z) 3,7-Dimethyl-3,6-octadienal (iso-Neral)",0.78
91844-92-7,"Lemongrass oil, East Indian",72203-97-5,"(Z) 3,7-Dimethyl-3,6-octadienal (iso-Neral)",0.78
8007-02-1,"Lemongrass oil, West Indian",72203-97-5,"(Z) 3,7-Dimethyl-3,6-octadienal (iso-Neral)",1.0
89998-14-1,"Lemongrass oil, West Indian",72203-97-5,"(Z) 3,7-Dimethyl-3,6-octadienal (iso-Neral)",1.0
68855-99-2,Litsea cubeba oil,72203-97-5,"(Z) 3,7-Dimethyl-3,6-octadienal (iso-Neral)",0.4
90063-59-5,Litsea cubeba oil,72203-97-5,"(Z) 3,7-Dimethyl-3,6-octadienal (iso-Neral)",0.4
8048-51-9,Petitgrain lemon oil,72203-97-5,"(Z) 3,7-Dimethyl-3,6-octadienal (iso-Neral)",0.2
84929-31-7,Petitgrain lemon oil,72203-97-5,"(Z) 3,7-Dimethyl-3,6-octadienal (iso-Neral)",0.2
8006-78-8,"Bay leaf, West Indian, oil",2442-10-6,1-Octen-3-yl acetate,0.3
91721-75-4,"Bay leaf, West Indian, oil",2442-10-6,1-Octen-3-yl acetate,0.3
85085-61-6,"Bay leaf, West Indian, oil",2442-10-6,1-Octen-3-yl acetate,0.3
917-841-2,"Erospicata oil, Mentha spicata 'Erospicata'",2442-10-6,1-Octen-3-yl acetate,0.06
84696-51-5,"Erospicata oil, Mentha spicata 'Erospicata'",2442-10-6,1-Octen-3-yl acetate,0.06
8022-15-9,Lavandin abrialis oil,2442-10-6,1-Octen-3-yl acetate,0.2
93455-96-0,Lavandin abrialis oil,2442-10-6,1-Octen-3-yl acetate,0.2
8022-15-9,Lavandin absolute,2442-10-6,1-Octen-3-yl acetate,1.09
91722-69-9,Lavandin absolute,2442-10-6,1-Octen-3-yl acetate,1.09
617-009-6,Lavandin grosso absolute,2442-10-6,1-Octen-3-yl acetate,0.14
93455-97-1,Lavandin grosso absolute,2442-10-6,1-Octen-3-yl acetate,0.14
8022-15-9,Lavandin grosso oil,2442-10-6,1-Octen-3-yl acetate,0.3
93455-97-1,Lavandin grosso oil,2442-10-6,1-Octen-3-yl acetate,0.3
8022-15-9,Lavandin oil,2442-10-6,1-Octen-3-yl acetate,0.3
91722-69-9,Lavandin oil,2442-10-6,1-Octen-3-yl acetate,0.3
93685-88-2,Lavandin super oil,2442-10-6,1-Octen-3-yl acetate,0.3
8000-28-0,Lavender absolute,2442-10-6,1-Octen-3-yl acetate,0.31
84776-65-8,Lavender absolute,2442-10-6,1-Octen-3-yl acetate,0.31
90063-37-9,Lavender absolute,2442-10-6,1-Octen-3-yl acetate,0.31
97722-12-8,Lavender absolute,2442-10-6,1-Octen-3-yl acetate,0.31
8000-28-0,Lavender concrete,2442-10-6,1-Octen-3-yl acetate,0.5
84776-65-8,Lavender concrete,2442-10-6,1-Octen-3-yl acetate,0.5
90063-37-9,Lavender concrete,2442-10-6,1-Octen-3-yl acetate,0.5
8000-28-0,Lavender oil,2442-10-6,1-Octen-3-yl acetate,1.04
84776-65-8,Lavender oil,2442-10-6,1-Octen-3-yl acetate,1.04
90063-37-9,Lavender oil,2442-10-6,1-Octen-3-yl acetate,1.04
97722-12-8,Lavender oil,2442-10-6,1-Octen-3-yl acetate,1.04
93165-50-5,Lavender oil dentata,2442-10-6,1-Octen-3-yl acetate,0.0
68917-15-7,Mentha citrata oil,2442-10-6,1-Octen-3-yl acetate,0.25
85085-49-0,Mentha citrata oil,2442-10-6,1-Octen-3-yl acetate,0.25
8008-79-5,Spearmint oil,2442-10-6,1-Octen-3-yl acetate,0.06
84696-51-5,Spearmint oil,2442-10-6,1-Octen-3-yl acetate,0.06
8007-70-3,Anise seed oil,505-57-7,2-Hexenal,0.5
84775-42-8,Anise seed oil,505-57-7,2-Hexenal,0.5
8016-63-5,Clary sage absolute,505-57-7,2-Hexenal,0.04
84775-83-7,Clary sage absolute,505-57-7,2-Hexenal,0.04
68917-29-3,Clove leaf oil terpenes,505-57-7,2-Hexenal,0.01
84961-50-2,Clove leaf oil terpenes,505-57-7,2-Hexenal,0.01
8008-52-4,Coriander herb oil,505-57-7,2-Hexenal,0.02
84775-50-8,Coriander herb oil,505-57-7,2-Hexenal,0.02
8016-20-4,Grapefruit oil,505-57-7,2-Hexenal,0.03
90045-43-5,Grapefruit oil,505-57-7,2-Hexenal,0.03
103798-23-6,Jasmine sambac absolute,505-57-7,2-Hexenal,0.1
91770-14-8,Jasmine sambac absolute,505-57-7,2-Hexenal,0.1
103798-23-6,Jasmine sambac CO2 extract,505-57-7,2-Hexenal,0.01
91770-14-8,Jasmine sambac CO2 extract,505-57-7,2-Hexenal,0.01
8007-48-5,Laurel leaf oil,505-57-7,2-Hexenal,0.03
8002-41-3,Laurel leaf oil,505-57-7,2-Hexenal,0.03
84603-73-6,Laurel leaf oil,505-57-7,2-Hexenal,0.03
8022-15-9,Lavandin abrialis oil,505-57-7,2-Hexenal,0.02
93455-96-0,Lavandin abrialis oil,505-57-7,2-Hexenal,0.02
8000-28-0,Lavender oil,505-57-7,2-Hexenal,0.01
84776-65-8,Lavender oil,505-57-7,2-Hexenal,0.01
90063-37-9,Lavender oil,505-57-7,2-Hexenal,0.01
97722-12-8,Lavender oil,505-57-7,2-Hexenal,0.01
8014-17-3,Petitgrain bigarade oil,505-57-7,2-Hexenal,0.09
72968-50-4,Petitgrain bigarade oil,505-57-7,2-Hexenal,0.09
8023-99-2,"Pine Scotch, oil",505-57-7,2-Hexenal,0.02
84012-35-1,"Pine Scotch, oil",505-57-7,2-Hexenal,0.02
8007-01-0,Rose oil,505-57-7,2-Hexenal,0.02
90106-38-0,Rose oil,505-57-7,2-Hexenal,0.02
8016-78-2,Spike lavender oil,505-57-7,2-Hexenal,0.01
84837-04-7,Spike lavender oil,505-57-7,2-Hexenal,0.01
68952-43-2,Star anise oil,505-57-7,2-Hexenal,0.01
84650-59-9,Star anise oil,505-57-7,2-Hexenal,0.01
8016-88-4,Tarragon oil,505-57-7,2-Hexenal,0.01
90131-45-6,Tarragon oil,505-57-7,2-Hexenal,0.01
8024-08-6,Violet leaf absolute,505-57-7,2-Hexenal,0.02
90147-36-7,Violet leaf absolute,505-57-7,2-Hexenal,0.02
8008-93-3,Wormwood oil,505-57-7,2-Hexenal,0.06
84929-19-1,Wormwood oil,505-57-7,2-Hexenal,0.06
8022-07-9,Yarrow oil,505-57-7,2-Hexenal,0.02
84082-83-7,Yarrow oil,505-57-7,2-Hexenal,0.02
8001-88-5,"Birch tar oil, rectified",623-36-9,2-Methyl-2-pentenal,0.05
"84012-15-7, 85940-29-0, 91745-85-6","Birch tar oil, rectified",623-36-9,2-Methyl-2-pentenal,0.05
8022-15-9,Lavandin abrialis oil,531-59-9,7-Methoxycoumarin,0.01
93455-96-0,Lavandin abrialis oil,531-59-9,7-Methoxycoumarin,0.01
8022-15-9,Lavandin absolute,531-59-9,7-Methoxycoumarin,0.62
91722-69-9,Lavandin absolute,531-59-9,7-Methoxycoumarin,0.62
8022-15-9,Lavandin concrete,531-59-9,7-Methoxycoumarin,0.37
91722-69-9,Lavandin concrete,531-59-9,7-Methoxycoumarin,0.37
617-009-6,Lavandin grosso absolute,531-59-9,7-Methoxycoumarin,2.0
93455-97-1,Lavandin grosso absolute,531-59-9,7-Methoxycoumarin,2.0
8022-15-9,Lavandin oil,531-59-9,7-Methoxycoumarin,0.01
91722-69-9,Lavandin oil,531-59-9,7-Methoxycoumarin,0.01
8000-28-0,Lavender absolute,531-59-9,7-Methoxycoumarin,3.8
84776-65-8,Lavender absolute,531-59-9,7-Methoxycoumarin,3.8
90063-37-9,Lavender absolute,531-59-9,7-Methoxycoumarin,3.8
97722-12-8,Lavender absolute,531-59-9,7-Methoxycoumarin,3.8
8000-28-0,Lavender concrete,531-59-9,7-Methoxycoumarin,8.0
84776-65-8,Lavender concrete,531-59-9,7-Methoxycoumarin,8.0
90063-37-9,Lavender concrete,531-59-9,7-Methoxycoumarin,8.0
8008-56-8,"Lemon oil, expressed",531-59-9,7-Methoxycoumarin,0.05
84929-31-7,"Lemon oil, expressed",531-59-9,7-Methoxycoumarin,0.05
8008-26-2,"Lime oil, expressed",531-59-9,7-Methoxycoumarin,0.21
93685-55-3,"Lime oil, expressed",531-59-9,7-Methoxycoumarin,0.21
90063-52-8,"Lime oil, expressed",531-59-9,7-Methoxycoumarin,0.21
8008-26-2,"Persian lime oil, expressed",531-59-9,7-Methoxycoumarin,0.28
90063-52-8,"Persian lime oil, expressed",531-59-9,7-Methoxycoumarin,0.28
8016-88-4,Tarragon oil,531-59-9,7-Methoxycoumarin,0.07
90131-45-6,Tarragon oil,531-59-9,7-Methoxycoumarin,0.07
84775-62-2,Horseradish oil,57-06-7,Allyl isothiocyanate,45.0
8015-64-3,Angelica seed oil,515-69-5,alpha-Bisabolol,0.2
84775-41-7,Angelica seed oil,515-69-5,alpha-Bisabolol,0.2
8057-65-6,Arnica absolute,515-69-5,alpha-Bisabolol,0.15
68990-11-4,Arnica absolute,515-69-5,alpha-Bisabolol,0.15
8057-65-6,"Arnica oils, montana",515-69-5,alpha-Bisabolol,0.6
68990-11-4,"Arnica oils, montana",515-69-5,alpha-Bisabolol,0.6
68991-21-9,Baccharis dracunculifolia oil,515-69-5,alpha-Bisabolol,1.4
94406-01-6,Baccharis dracunculifolia oil,515-69-5,alpha-Bisabolol,1.4
8015-73-4,"Basil oil, chemotype linalool",515-69-5,alpha-Bisabolol,0.2
84775-71-3,"Basil oil, chemotype linalool",515-69-5,alpha-Bisabolol,0.2
68188-03-4,Cabreuva oil,515-69-5,alpha-Bisabolol,2.0
91722-93-9,Cabreuva oil,515-69-5,alpha-Bisabolol,2.0
91722-94-0,Cabreuva oil,515-69-5,alpha-Bisabolol,2.0
8015-88-1,Carrot seed oil,515-69-5,alpha-Bisabolol,0.28
84929-61-3,Carrot seed oil,515-69-5,alpha-Bisabolol,0.28
1159574-01-2,"Cedarwood oil, Chinese",515-69-5,alpha-Bisabolol,0.6
85085-29-6,"Cedarwood oil, Chinese",515-69-5,alpha-Bisabolol,0.6
68990-83-0,"Cedarwood oil, Texas",515-69-5,alpha-Bisabolol,0.15
91722-61-1,"Cedarwood oil, Texas",515-69-5,alpha-Bisabolol,0.15
8000-27-9,"Cedarwood oil, Virginian",515-69-5,alpha-Bisabolol,0.6
85085-41-2,"Cedarwood oil, Virginian",515-69-5,alpha-Bisabolol,0.6
8002-66-2,"Chamomile flower oil, blue",515-69-5,alpha-Bisabolol,4.0
84082-60-0,"Chamomile flower oil, blue",515-69-5,alpha-Bisabolol,4.0
8021-29-2,"Fir needle oil, Siberian",515-69-5,alpha-Bisabolol,0.2
91697-89-1,"Fir needle oil, Siberian",515-69-5,alpha-Bisabolol,0.2
8022-15-9,Lavandin absolute,515-69-5,alpha-Bisabolol,0.64
91722-69-9,Lavandin absolute,515-69-5,alpha-Bisabolol,0.64
8022-15-9,Lavandin concrete,515-69-5,alpha-Bisabolol,1.91
91722-69-9,Lavandin concrete,515-69-5,alpha-Bisabolol,1.91
8022-15-9,Lavandin concrete,515-69-5,alpha-Bisabolol,1.91
91722-69-9,Lavandin concrete,515-69-5,alpha-Bisabolol,1.91
617-009-6,Lavandin grosso absolute,515-69-5,alpha-Bisabolol,0.7
93455-97-1,Lavandin grosso absolute,515-69-5,alpha-Bisabolol,0.7
8022-15-9,Lavandin grosso oil,515-69-5,alpha-Bisabolol,0.35
93455-97-1,Lavandin grosso oil,515-69-5,alpha-Bisabolol,0.35
8022-15-9,Lavandin oil,515-69-5,alpha-Bisabolol,0.03
91722-69-9,Lavandin oil,515-69-5,alpha-Bisabolol,0.03
93685-88-2,Lavandin super oil,515-69-5,alpha-Bisabolol,0.3
68991-39-9,Mastic oil,515-69-5,alpha-Bisabolol,0.08
61789-92-2,Mastic oil,515-69-5,alpha-Bisabolol,0.08
90082-82-9,Mastic oil,515-69-5,alpha-Bisabolol,0.08
921202-04-2,Populus nigra absolute,515-69-5,alpha-Bisabolol,0.2
84650-39-5,Populus nigra absolute,515-69-5,alpha-Bisabolol,0.2
8006-87-9,Sandalwood oil,515-69-5,alpha-Bisabolol,0.22
84787-70-2,Sandalwood oil,515-69-5,alpha-Bisabolol,0.22
8024-35-9,"Sandalwood oil, Australian",515-69-5,alpha-Bisabolol,3.02
92875-02-0,"Sandalwood oil, Australian",515-69-5,alpha-Bisabolol,3.02
91845-48-6,"Sandalwood oil, New Caledonian",515-69-5,alpha-Bisabolol,0.47
949495-68-5,Schinus terebenthifolius CO2 extract,515-69-5,alpha-Bisabolol,0.3
8024-37-1,Turmeric oil,515-69-5,alpha-Bisabolol,0.1
84775-52-0,Turmeric oil,515-69-5,alpha-Bisabolol,0.1
8022-07-9,Yarrow oil,515-69-5,alpha-Bisabolol,0.3
84082-83-7,Yarrow oil,515-69-5,alpha-Bisabolol,0.3
68991-32-2,Zdravetz oil,515-69-5,alpha-Bisabolol,2.0
92347-05-2,Zdravetz oil,515-69-5,alpha-Bisabolol,2.0
68606-83-7,Cananga oil,469-61-4,alpha-Cedrene,0.4
93686-30-7,Cananga oil,469-61-4,alpha-Cedrene,0.4
8023-85-6,"Cedarwood oil, Atlas",469-61-4,alpha-Cedrene,1.5
92201-55-3,"Cedarwood oil, Atlas",469-61-4,alpha-Cedrene,1.5
1159574-01-2,"Cedarwood oil, Chinese",469-61-4,alpha-Cedrene,19.1
85085-29-6,"Cedarwood oil, Chinese",469-61-4,alpha-Cedrene,19.1
68990-83-0,"Cedarwood oil, Texas",469-61-4,alpha-Cedrene,12.0
91722-61-1,"Cedarwood oil, Texas",469-61-4,alpha-Cedrene,12.0
8000-27-9,"Cedarwood oil, Virginian",469-61-4,alpha-Cedrene,24.3
85085-41-2,"Cedarwood oil, Virginian",469-61-4,alpha-Cedrene,24.3
8013-86-3,Cypress oil,469-61-4,alpha-Cedrene,0.36
84696-07-1,Cypress oil,469-61-4,alpha-Cedrene,0.36
8023-95-8,Helichrysum absolute,469-61-4,alpha-Cedrene,0.08
90045-56-0,Helichrysum absolute,469-61-4,alpha-Cedrene,0.08
85665-35-6,Helichrysum absolute,469-61-4,alpha-Cedrene,0.08
8002-68-4,Juniper berry oil,469-61-4,alpha-Cedrene,0.4
84603-69-0,Juniper berry oil,469-61-4,alpha-Cedrene,0.4
8000-26-8,"Pine needle, dwarf, oil",469-61-4,alpha-Cedrene,0.25
90082-73-8,"Pine needle, dwarf, oil",469-61-4,alpha-Cedrene,0.25
90082-72-7,"Pine needle, dwarf, oil",469-61-4,alpha-Cedrene,0.25
8024-12-2,Verbena absolute,469-61-4,alpha-Cedrene,0.5
85116-63-8,Verbena absolute,469-61-4,alpha-Cedrene,0.5
8016-96-4,Vetiver oil (all origins),469-61-4,alpha-Cedrene,0.2
84238-29-9,Vetiver oil (all origins),469-61-4,alpha-Cedrene,0.2
68991-20-8,Armoise vulgaris oil,546-80-5,alpha-Thujone,50.0
84775-45-1,Armoise vulgaris oil,546-80-5,alpha-Thujone,50.0
8022-37-5,Armoise vulgaris oil,546-80-5,alpha-Thujone,50.0
91745-71-0,Artemesia afra oil,546-80-5,alpha-Thujone,50.0
84775-75-7,Artemisia herba-alba oil,546-80-5,alpha-Thujone,39.0
8007-20-3,Cedar leaf oil,546-80-5,alpha-Thujone,55.0
90131-58-1,Cedar leaf oil,546-80-5,alpha-Thujone,55.0
91770-83-0,"Cedar leaf oil, China",546-80-5,alpha-Thujone,2.3
8006-83-5,Hyssop oil,546-80-5,alpha-Thujone,0.2
84603-66-7,Hyssop oil,546-80-5,alpha-Thujone,0.2
90063-99-3,Mentha longifolia oil,546-80-5,alpha-Thujone,7.1
8016-36-2,Olibanum oil,546-80-5,alpha-Thujone,0.1
8050-07-5,Olibanum oil,546-80-5,alpha-Thujone,0.1
89957-98-2,Olibanum sacra oil,546-80-5,alpha-Thujone,0.1
8022-56-8,Sage Dalmatian oil,546-80-5,alpha-Thujone,25.0
84082-79-1,Sage Dalmatian oil,546-80-5,alpha-Thujone,25.0
84082-79-1,Sage Dalmatian oleoresin,546-80-5,alpha-Thujone,7.3
8022-56-8,"Sage oil, Spanish",546-80-5,alpha-Thujone,0.01
90106-49-3,"Sage oil, Spanish",546-80-5,alpha-Thujone,0.01
97952-71-1,"Sage oil, Spanish",546-80-5,alpha-Thujone,0.01
8022-56-8,Sage oleoresin,546-80-5,alpha-Thujone,7.5
84082-79-1,Sage oleoresin,546-80-5,alpha-Thujone,7.5
8016-68-0,Savory summer oil,546-80-5,alpha-Thujone,1.5
84775-98-4,Savory summer oil,546-80-5,alpha-Thujone,1.5
8008-80-8,"Spruce oil, Black",546-80-5,alpha-Thujone,0.17
91722-18-9,"Spruce oil, Black",546-80-5,alpha-Thujone,0.17
8016-87-3,Tansy oil,546-80-5,alpha-Thujone,0.5
84961-64-8,Tansy oil,546-80-5,alpha-Thujone,0.5
8008-93-3,Wormwood oil,546-80-5,alpha-Thujone,3.0
84929-19-1,Wormwood oil,546-80-5,alpha-Thujone,3.0
8022-07-9,Yarrow oil,546-80-5,alpha-Thujone,2.0
84082-83-7,Yarrow oil,546-80-5,alpha-Thujone,2.0
8023-82-3,Cassie absolute,105-13-5,Anisyl alcohol,0.8
89958-31-6,Cassie absolute,105-13-5,Anisyl alcohol,0.8
8031-03-6,Mimosa absolute,105-13-5,Anisyl alcohol,0.12
93685-96-2,Mimosa absolute,105-13-5,Anisyl alcohol,0.12
98903-76-5,Mimosa absolute,105-13-5,Anisyl alcohol,0.12
8024-06-4,Vanilla absolute,105-13-5,Anisyl alcohol,0.03
84650-63-5,Vanilla absolute,105-13-5,Anisyl alcohol,0.03
8024-06-4,Vanilla CO2 extract,105-13-5,Anisyl alcohol,0.02
84650-63-5,Vanilla CO2 extract,105-13-5,Anisyl alcohol,0.02
8024-06-4,Vanilla oleoresin,105-13-5,Anisyl alcohol,0.7
84650-63-5,Vanilla oleoresin,105-13-5,Anisyl alcohol,0.7
953789-39-4,Vanilla tahitensis absolute,105-13-5,Anisyl alcohol,0.07
94167-14-3,Vanilla tahitensis absolute,105-13-5,Anisyl alcohol,0.07
953789-39-4,Vanilla tahitensis CO2 extract,105-13-5,Anisyl alcohol,0.0
94167-14-3,Vanilla tahitensis CO2 extract,105-13-5,Anisyl alcohol,0.0
8047-24-3,Vanilla tincture,105-13-5,Anisyl alcohol,0.01
84650-63-5,Vanilla tincture,105-13-5,Anisyl alcohol,0.01
8013-76-1,"Almond oil, bitter",100-52-7,Benzaldehyde,99.0
90320-35-7,"Almond oil, bitter",100-52-7,Benzaldehyde,99.0
8008-98-8,Cajuput oil,100-52-7,Benzaldehyde,0.1
85480-37-1,Cajuput oil,100-52-7,Benzaldehyde,0.1
8007-80-5,Cassia  bark oil,100-52-7,Benzaldehyde,1.3
84961-46-6,Cassia  bark oil,100-52-7,Benzaldehyde,1.3
8007-80-5,Cassia bark oleoresin,100-52-7,Benzaldehyde,0.95
84961-46-6,Cassia bark oleoresin,100-52-7,Benzaldehyde,0.95
8007-80-5,Cassia oil,100-52-7,Benzaldehyde,1.0
84961-46-6,Cassia oil,100-52-7,Benzaldehyde,1.0
8023-82-3,Cassie absolute,100-52-7,Benzaldehyde,0.3
89958-31-6,Cassie absolute,100-52-7,Benzaldehyde,0.3
8015-91-6,Cinnamon bark CO2 extract,100-52-7,Benzaldehyde,0.1
84649-98-9,Cinnamon bark CO2 extract,100-52-7,Benzaldehyde,0.1
8015-91-6,Cinnamon bark oil,100-52-7,Benzaldehyde,0.2
84649-98-9,Cinnamon bark oil,100-52-7,Benzaldehyde,0.2
97659-68-2,"Cinnamon bark oil, Laos",100-52-7,Benzaldehyde,0.5
8015-91-6,Cinnamon leaf oil,100-52-7,Benzaldehyde,0.16
84649-98-9,Cinnamon leaf oil,100-52-7,Benzaldehyde,0.16
8016-26-0,Cistus absolute,100-52-7,Benzaldehyde,0.6
89997-74-0,Cistus absolute,100-52-7,Benzaldehyde,0.6
8016-26-0,Cistus concrete,100-52-7,Benzaldehyde,0.6
89997-74-0,Cistus concrete,100-52-7,Benzaldehyde,0.6
8016-26-0,Cistus oil,100-52-7,Benzaldehyde,0.9
89997-74-0,Cistus oil,100-52-7,Benzaldehyde,0.9
8016-03-3,Davana oil,100-52-7,Benzaldehyde,0.2
91844-86-9,Davana oil,100-52-7,Benzaldehyde,0.2
8023-94-7,Hyacinth absolute,100-52-7,Benzaldehyde,0.1
94333-75-2,Hyacinth absolute,100-52-7,Benzaldehyde,0.1
8022-96-6,Jasmine grandiflorum absolute,100-52-7,Benzaldehyde,0.02
84776-64-7,Jasmine grandiflorum absolute,100-52-7,Benzaldehyde,0.02
68917-77-1,Labdanum extract ambreine,100-52-7,Benzaldehyde,0.8
90244-89-6,Labdanum extract ambreine,100-52-7,Benzaldehyde,0.8
89997-74-0,Labdanum extract ambreine,100-52-7,Benzaldehyde,0.8
"8016-26-0; 89997-74-0, 84775-64-4",Labdanum gum,100-52-7,Benzaldehyde,0.2
84775-64-4,Labdanum gum,100-52-7,Benzaldehyde,0.2
8016-26-0,Labdanum oil,100-52-7,Benzaldehyde,0.38
90244-89-6,Labdanum oil,100-52-7,Benzaldehyde,0.38
89997-74-0,Labdanum oil,100-52-7,Benzaldehyde,0.38
8016-26-0,Labdanum oleoresin,100-52-7,Benzaldehyde,0.2
90244-89-6,Labdanum oleoresin,100-52-7,Benzaldehyde,0.2
89997-74-0,Labdanum oleoresin,100-52-7,Benzaldehyde,0.2
89997-74-0,Labdanum resinoid,100-52-7,Benzaldehyde,0.03
90244-89-6,Labdanum resinoid,100-52-7,Benzaldehyde,0.03
8031-03-6,Mimosa absolute,100-52-7,Benzaldehyde,0.08
93685-96-2,Mimosa absolute,100-52-7,Benzaldehyde,0.08
98903-76-5,Mimosa absolute,100-52-7,Benzaldehyde,0.08
8014-68-4,Niaouli oil,100-52-7,Benzaldehyde,0.2
132940-73-9,Niaouli oil,100-52-7,Benzaldehyde,0.2
68132-21-8,Perilla oil,100-52-7,Benzaldehyde,0.33
90082-61-4,Perilla oil,100-52-7,Benzaldehyde,0.33
90106-38-0,Rose absolute,100-52-7,Benzaldehyde,0.02
90106-38-0,Rose concrete,100-52-7,Benzaldehyde,0.5
8007-01-0,Rose oil,100-52-7,Benzaldehyde,0.04
90106-38-0,Rose oil,100-52-7,Benzaldehyde,0.04
8046-19-3,Styrax extract,100-52-7,Benzaldehyde,0.05
"8046-19-3, 94891-27-7, 94891-28-8",Styrax extract,100-52-7,Benzaldehyde,0.05
8046-19-3,Styrax oil,100-52-7,Benzaldehyde,0.03
94891-28-8,Styrax oil,100-52-7,Benzaldehyde,0.03
8046-19-3,"Styrax oil, Honduras",100-52-7,Benzaldehyde,0.1
94891-28-8,"Styrax oil, Honduras",100-52-7,Benzaldehyde,0.1
8024-01-9,"Styrax oil, pyrogenated",100-52-7,Benzaldehyde,0.1
94891-27-7,"Styrax oil, pyrogenated",100-52-7,Benzaldehyde,0.1
8046-19-3,Styrax resinoid,100-52-7,Benzaldehyde,0.04
8007-00-9,"Balsam absolute, Peru",100-51-6,Benzyl alcohol,0.43
8007-00-9,"Balsam oil, Peru",100-51-6,Benzyl alcohol,1.57
8007-00-9,"Balsam resinoid, Peru",100-51-6,Benzyl alcohol,0.17
8021-43-0,Carnation absolute,100-51-6,Benzyl alcohol,0.2
89958-29-2,Carnation absolute,100-51-6,Benzyl alcohol,0.2
8023-82-3,Cassie absolute,100-51-6,Benzyl alcohol,2.7
89958-31-6,Cassie absolute,100-51-6,Benzyl alcohol,2.7
8006-76-6,Champaca absolute,100-51-6,Benzyl alcohol,0.64
92457-18-6,Champaca absolute,100-51-6,Benzyl alcohol,0.64
8015-91-6,Cinnamon leaf oil,100-51-6,Benzyl alcohol,0.1
84649-98-9,Cinnamon leaf oil,100-51-6,Benzyl alcohol,0.1
8000-34-8,Clove bud oil terpenes,100-51-6,Benzyl alcohol,0.01
84961-50-2,Clove bud oil terpenes,100-51-6,Benzyl alcohol,0.01
8023-94-7,Hyacinth absolute,100-51-6,Benzyl alcohol,40.0
94333-75-2,Hyacinth absolute,100-51-6,Benzyl alcohol,40.0
8022-96-6,Jasmine absolute,100-51-6,Benzyl alcohol,1.08
84776-64-7,Jasmine absolute,100-51-6,Benzyl alcohol,1.08
8022-96-6,Jasmine concrete,100-51-6,Benzyl alcohol,1.08
84776-64-7,Jasmine concrete,100-51-6,Benzyl alcohol,1.08
8024-43-9,Jasmine officinale absolute,100-51-6,Benzyl alcohol,3.0
90045-94-6,Jasmine officinale absolute,100-51-6,Benzyl alcohol,3.0
103798-23-6,Jasmine sambac absolute,100-51-6,Benzyl alcohol,4.2
91770-14-8,Jasmine sambac absolute,100-51-6,Benzyl alcohol,4.2
103798-23-6,Jasmine sambac CO2 extract,100-51-6,Benzyl alcohol,4.2
91770-14-8,Jasmine sambac CO2 extract,100-51-6,Benzyl alcohol,4.2
617-009-6,Lavandin grosso absolute,100-51-6,Benzyl alcohol,0.02
93455-97-1,Lavandin grosso absolute,100-51-6,Benzyl alcohol,0.02
8031-03-6,Mimosa absolute,100-51-6,Benzyl alcohol,0.19
93685-96-2,Mimosa absolute,100-51-6,Benzyl alcohol,0.19
98903-76-5,Mimosa absolute,100-51-6,Benzyl alcohol,0.19
98903-76-5,Mimosa concrete,100-51-6,Benzyl alcohol,0.04
93685-96-2,Mimosa concrete,100-51-6,Benzyl alcohol,0.04
68917-12-4,Narcissus poeticus absolute,100-51-6,Benzyl alcohol,2.8
90064-26-9,Narcissus poeticus absolute,100-51-6,Benzyl alcohol,2.8
90106-38-0,Rose absolute,100-51-6,Benzyl alcohol,0.54
8007-01-0,Rose oil,100-51-6,Benzyl alcohol,0.02
90106-38-0,Rose oil,100-51-6,Benzyl alcohol,0.02
8046-19-3,Styrax absolute,100-51-6,Benzyl alcohol,2.5
94891-27-7,Styrax absolute,100-51-6,Benzyl alcohol,2.5
94891-28-8,Styrax absolute,100-51-6,Benzyl alcohol,2.5
8046-19-3,Styrax essence pyrogenated,100-51-6,Benzyl alcohol,0.15
8046-19-3,Styrax oil,100-51-6,Benzyl alcohol,0.07
94891-28-8,Styrax oil,100-51-6,Benzyl alcohol,0.07
8007-46-3,Thyme absolute,100-51-6,Benzyl alcohol,0.3
84929-51-1,Thyme absolute,100-51-6,Benzyl alcohol,0.3
8024-05-3,Tuberose absolute,100-51-6,Benzyl alcohol,0.5
94334-35-7,Tuberose absolute,100-51-6,Benzyl alcohol,0.5
8024-05-3,Tuberose concrete,100-51-6,Benzyl alcohol,0.5
94334-35-7,Tuberose concrete,100-51-6,Benzyl alcohol,0.5
8024-08-6,Violet leaf absolute,100-51-6,Benzyl alcohol,0.1
90147-36-7,Violet leaf absolute,100-51-6,Benzyl alcohol,0.1
8006-81-3,Ylang ylang oil I,100-51-6,Benzyl alcohol,0.09
83863-30-3,Ylang ylang oil I,100-51-6,Benzyl alcohol,0.09
8006-81-3,Ylang ylang oil II,100-51-6,Benzyl alcohol,0.09
83863-30-3,Ylang ylang oil II,100-51-6,Benzyl alcohol,0.09
8006-81-3,Ylang ylang oil III,100-51-6,Benzyl alcohol,0.04
83863-30-3,Ylang ylang oil III,100-51-6,Benzyl alcohol,0.04
8006-81-3,"Ylang, Ylang oil complete",100-51-6,Benzyl alcohol,0.25
83863-30-3,"Ylang, Ylang oil complete",100-51-6,Benzyl alcohol,0.25
8006-81-3,"Ylang, Ylang oil extra",100-51-6,Benzyl alcohol,0.24
83863-30-3,"Ylang, Ylang oil extra",100-51-6,Benzyl alcohol,0.24
8007-00-9,"Balsam absolute, Peru",120-51-4,Benzyl benzoate,32.5
8007-00-9,"Balsam oil, Peru",120-51-4,Benzyl benzoate,59.17
8007-00-9,"Balsam resinoid, Peru",120-51-4,Benzyl benzoate,14.16
68606-83-7,Cananga oil,120-51-4,Benzyl benzoate,4.2
93686-30-7,Cananga oil,120-51-4,Benzyl benzoate,4.2
8021-43-0,Carnation absolute,120-51-4,Benzyl benzoate,13.0
89958-29-2,Carnation absolute,120-51-4,Benzyl benzoate,13.0
8007-80-5,Cassia  bark oil,120-51-4,Benzyl benzoate,0.08
84961-46-6,Cassia  bark oil,120-51-4,Benzyl benzoate,0.08
8007-80-5,Cassia bark oleoresin,120-51-4,Benzyl benzoate,0.06
84961-46-6,Cassia bark oleoresin,120-51-4,Benzyl benzoate,0.06
8007-80-5,Cassia oil,120-51-4,Benzyl benzoate,0.1
84961-46-6,Cassia oil,120-51-4,Benzyl benzoate,0.1
8023-82-3,Cassie absolute,120-51-4,Benzyl benzoate,0.05
89958-31-6,Cassie absolute,120-51-4,Benzyl benzoate,0.05
8006-76-6,Champaca absolute,120-51-4,Benzyl benzoate,0.53
92457-18-6,Champaca absolute,120-51-4,Benzyl benzoate,0.53
8015-91-6,Cinnamon bark CO2 extract,120-51-4,Benzyl benzoate,1.8
84649-98-9,Cinnamon bark CO2 extract,120-51-4,Benzyl benzoate,1.8
8015-91-6,Cinnamon bark oil,120-51-4,Benzyl benzoate,0.6
84649-98-9,Cinnamon bark oil,120-51-4,Benzyl benzoate,0.6
97659-68-2,"Cinnamon bark oil, Laos",120-51-4,Benzyl benzoate,0.01
8015-91-6,Cinnamon leaf oil,120-51-4,Benzyl benzoate,3.5
84649-98-9,Cinnamon leaf oil,120-51-4,Benzyl benzoate,3.5
616-772-2,Clove bud absolute,120-51-4,Benzyl benzoate,0.07
84961-50-2,Clove bud absolute,120-51-4,Benzyl benzoate,0.07
8023-94-7,Hyacinth absolute,120-51-4,Benzyl benzoate,6.0
94333-75-2,Hyacinth absolute,120-51-4,Benzyl benzoate,6.0
8022-96-6,Jasmine absolute,120-51-4,Benzyl benzoate,10.07
84776-64-7,Jasmine absolute,120-51-4,Benzyl benzoate,10.07
8022-96-6,Jasmine CO2 extract,120-51-4,Benzyl benzoate,5.0
84776-64-7,Jasmine CO2 extract,120-51-4,Benzyl benzoate,5.0
8022-96-6,Jasmine concrete,120-51-4,Benzyl benzoate,10.07
84776-64-7,Jasmine concrete,120-51-4,Benzyl benzoate,10.07
8024-43-9,Jasmine officinale absolute,120-51-4,Benzyl benzoate,10.0
90045-94-6,Jasmine officinale absolute,120-51-4,Benzyl benzoate,10.0
103798-23-6,Jasmine sambac absolute,120-51-4,Benzyl benzoate,0.75
91770-14-8,Jasmine sambac absolute,120-51-4,Benzyl benzoate,0.75
103798-23-6,Jasmine sambac CO2 extract,120-51-4,Benzyl benzoate,0.75
91770-14-8,Jasmine sambac CO2 extract,120-51-4,Benzyl benzoate,0.75
8031-03-6,Mimosa absolute,120-51-4,Benzyl benzoate,0.12
93685-96-2,Mimosa absolute,120-51-4,Benzyl benzoate,0.12
98903-76-5,Mimosa absolute,120-51-4,Benzyl benzoate,0.12
68917-12-4,Narcissus poeticus absolute,120-51-4,Benzyl benzoate,8.9
90064-26-9,Narcissus poeticus absolute,120-51-4,Benzyl benzoate,8.9
90106-38-0,Rose absolute,120-51-4,Benzyl benzoate,0.02
8007-01-0,Rose oil,120-51-4,Benzyl benzoate,0.07
90106-38-0,Rose oil,120-51-4,Benzyl benzoate,0.07
8015-77-8,Rosewood oil,120-51-4,Benzyl benzoate,1.2
83863-32-5,Rosewood oil,120-51-4,Benzyl benzoate,1.2
93685-34-8,Rosewood oil,120-51-4,Benzyl benzoate,1.2
8046-19-3,Styrax oil,120-51-4,Benzyl benzoate,0.02
94891-28-8,Styrax oil,120-51-4,Benzyl benzoate,0.02
8024-05-3,Tuberose absolute,120-51-4,Benzyl benzoate,5.5
94334-35-7,Tuberose absolute,120-51-4,Benzyl benzoate,5.5
8024-05-3,Tuberose concrete,120-51-4,Benzyl benzoate,0.72
94334-35-7,Tuberose concrete,120-51-4,Benzyl benzoate,0.72
8006-81-3,Ylang ylang oil I,120-51-4,Benzyl benzoate,5.86
83863-30-3,Ylang ylang oil I,120-51-4,Benzyl benzoate,5.86
8006-81-3,Ylang ylang oil II,120-51-4,Benzyl benzoate,7.81
83863-30-3,Ylang ylang oil II,120-51-4,Benzyl benzoate,7.81
8006-81-3,Ylang ylang oil III,120-51-4,Benzyl benzoate,6.23
83863-30-3,Ylang ylang oil III,120-51-4,Benzyl benzoate,6.23
8006-81-3,"Ylang, Ylang oil complete",120-51-4,Benzyl benzoate,6.32
83863-30-3,"Ylang, Ylang oil complete",120-51-4,Benzyl benzoate,6.32
8006-81-3,"Ylang, Ylang oil extra",120-51-4,Benzyl benzoate,5.73
83863-30-3,"Ylang, Ylang oil extra",120-51-4,Benzyl benzoate,5.73
8007-00-9,"Balsam absolute, Peru",103-41-3,Benzyl cinnamate,9.95
8007-00-9,"Balsam oil, Peru",103-41-3,Benzyl cinnamate,16.38
8007-00-9,"Balsam resinoid, Peru",103-41-3,Benzyl cinnamate,9.02
8046-19-3,Styrax absolute,103-41-3,Benzyl cinnamate,0.17
94891-27-7,Styrax absolute,103-41-3,Benzyl cinnamate,0.17
94891-28-8,Styrax absolute,103-41-3,Benzyl cinnamate,0.17
8046-19-3,Styrax essence pyrogenated,103-41-3,Benzyl cinnamate,0.15
8046-19-3,"Styrax oil, Honduras",103-41-3,Benzyl cinnamate,2.1
94891-28-8,"Styrax oil, Honduras",103-41-3,Benzyl cinnamate,2.1
8006-81-3,Ylang ylang oil I,103-41-3,Benzyl cinnamate,0.03
83863-30-3,Ylang ylang oil I,103-41-3,Benzyl cinnamate,0.03
8006-81-3,Ylang ylang oil III,103-41-3,Benzyl cinnamate,0.02
83863-30-3,Ylang ylang oil III,103-41-3,Benzyl cinnamate,0.02
8006-76-6,Champaca absolute,140-29-4,Benzyl cyanide,1.0
92457-18-6,Champaca absolute,140-29-4,Benzyl cyanide,1.0
90131-21-8,Genet absolute,140-29-4,Benzyl cyanide,0.1
129316-65-0,Genet absolute,140-29-4,Benzyl cyanide,0.1
8022-96-6,Jasmine absolute,140-29-4,Benzyl cyanide,0.02
84776-64-7,Jasmine absolute,140-29-4,Benzyl cyanide,0.02
8022-96-6,Jasmine grandiflorum absolute,140-29-4,Benzyl cyanide,0.02
84776-64-7,Jasmine grandiflorum absolute,140-29-4,Benzyl cyanide,0.02
103798-23-6,Jasmine sambac absolute,140-29-4,Benzyl cyanide,1.2
91770-14-8,Jasmine sambac absolute,140-29-4,Benzyl cyanide,1.2
103798-23-6,Jasmine sambac CO2 extract,140-29-4,Benzyl cyanide,1.2
91770-14-8,Jasmine sambac CO2 extract,140-29-4,Benzyl cyanide,1.2
94334-14-2,Karo karunde absolute,140-29-4,Benzyl cyanide,5.0
68917-19-1,Magnolia flower oil,140-29-4,Benzyl cyanide,0.09
8016-38-4,Orange blossoms absolute,140-29-4,Benzyl cyanide,0.52
72968-50-4,Orange blossoms absolute,140-29-4,Benzyl cyanide,0.52
8016-38-4,"Orange flower oil, bitter (neroli and neroli bigarade)",140-29-4,Benzyl cyanide,0.16
72968-50-4,"Orange flower oil, bitter (neroli and neroli bigarade)",140-29-4,Benzyl cyanide,0.16
8030-28-2,Orange flower water absolute,140-29-4,Benzyl cyanide,0.83
72968-50-4,Orange flower water absolute,140-29-4,Benzyl cyanide,0.83
72968-50-4,"Orange flower, bitter, concrete",140-29-4,Benzyl cyanide,0.31
8024-05-3,Tuberose absolute,140-29-4,Benzyl cyanide,0.8
94334-35-7,Tuberose absolute,140-29-4,Benzyl cyanide,0.8
8024-05-3,Tuberose oil,140-29-4,Benzyl cyanide,0.17
94334-35-7,Tuberose oil,140-29-4,Benzyl cyanide,0.17
8006-81-3,Ylang ylang oil I,140-29-4,Benzyl cyanide,0.05
83863-30-3,Ylang ylang oil I,140-29-4,Benzyl cyanide,0.05
8006-81-3,Ylang ylang oil II,140-29-4,Benzyl cyanide,0.02
83863-30-3,Ylang ylang oil II,140-29-4,Benzyl cyanide,0.02
8006-81-3,Ylang ylang oil III,140-29-4,Benzyl cyanide,0.02
83863-30-3,Ylang ylang oil III,140-29-4,Benzyl cyanide,0.02
8006-81-3,"Ylang, Ylang oil extra",140-29-4,Benzyl cyanide,0.02
83863-30-3,"Ylang, Ylang oil extra",140-29-4,Benzyl cyanide,0.02
68606-83-7,Cananga oil,118-58-1,Benzyl salicylate,0.4
93686-30-7,Cananga oil,118-58-1,Benzyl salicylate,0.4
8021-43-0,Carnation absolute,118-58-1,Benzyl salicylate,7.0
89958-29-2,Carnation absolute,118-58-1,Benzyl salicylate,7.0
8023-82-3,Cassie absolute,118-58-1,Benzyl salicylate,0.03
89958-31-6,Cassie absolute,118-58-1,Benzyl salicylate,0.03
616-772-2,Clove bud absolute,118-58-1,Benzyl salicylate,0.04
84961-50-2,Clove bud absolute,118-58-1,Benzyl salicylate,0.04
8023-94-7,Hyacinth absolute,118-58-1,Benzyl salicylate,0.2
94333-75-2,Hyacinth absolute,118-58-1,Benzyl salicylate,0.2
8022-96-6,Jasmine absolute,118-58-1,Benzyl salicylate,0.17
84776-64-7,Jasmine absolute,118-58-1,Benzyl salicylate,0.17
8022-96-6,Jasmine concrete,118-58-1,Benzyl salicylate,0.17
84776-64-7,Jasmine concrete,118-58-1,Benzyl salicylate,0.17
8024-43-9,Jasmine officinale absolute,118-58-1,Benzyl salicylate,0.2
90045-94-6,Jasmine officinale absolute,118-58-1,Benzyl salicylate,0.2
103798-23-6,Jasmine sambac absolute,118-58-1,Benzyl salicylate,0.2
91770-14-8,Jasmine sambac absolute,118-58-1,Benzyl salicylate,0.2
103798-23-6,Jasmine sambac CO2 extract,118-58-1,Benzyl salicylate,0.15
91770-14-8,Jasmine sambac CO2 extract,118-58-1,Benzyl salicylate,0.15
8031-03-6,Mimosa absolute,118-58-1,Benzyl salicylate,0.02
93685-96-2,Mimosa absolute,118-58-1,Benzyl salicylate,0.02
98903-76-5,Mimosa absolute,118-58-1,Benzyl salicylate,0.02
8024-05-3,Tuberose absolute,118-58-1,Benzyl salicylate,3.6
94334-35-7,Tuberose absolute,118-58-1,Benzyl salicylate,3.6
8024-05-3,Tuberose concrete,118-58-1,Benzyl salicylate,2.1
94334-35-7,Tuberose concrete,118-58-1,Benzyl salicylate,2.1
8006-81-3,Ylang ylang oil I,118-58-1,Benzyl salicylate,2.58
83863-30-3,Ylang ylang oil I,118-58-1,Benzyl salicylate,2.58
8006-81-3,Ylang ylang oil II,118-58-1,Benzyl salicylate,2.36
83863-30-3,Ylang ylang oil II,118-58-1,Benzyl salicylate,2.36
8006-81-3,Ylang ylang oil III,118-58-1,Benzyl salicylate,2.48
83863-30-3,Ylang ylang oil III,118-58-1,Benzyl salicylate,2.48
8006-81-3,"Ylang, Ylang oil complete",118-58-1,Benzyl salicylate,3.11
83863-30-3,"Ylang, Ylang oil complete",118-58-1,Benzyl salicylate,3.11
8006-81-3,"Ylang, Ylang oil extra",118-58-1,Benzyl salicylate,3.35
83863-30-3,"Ylang, Ylang oil extra",118-58-1,Benzyl salicylate,3.35
8046-19-3,Styrax extract,78277-23-3,Benzyl trans-cinnamate,1.0
"8046-19-3, 94891-27-7, 94891-28-8",Styrax extract,78277-23-3,Benzyl trans-cinnamate,1.0
8046-19-3,Styrax oil,78277-23-3,Benzyl trans-cinnamate,1.75
94891-28-8,Styrax oil,78277-23-3,Benzyl trans-cinnamate,1.75
8046-19-3,Styrax resinoid,78277-23-3,Benzyl trans-cinnamate,0.93
1159574-01-2,"Cedarwood oil, Chinese",546-28-1,beta-Cedrene,6.0
85085-29-6,"Cedarwood oil, Chinese",546-28-1,beta-Cedrene,6.0
68990-83-0,"Cedarwood oil, Texas",546-28-1,beta-Cedrene,3.0
91722-61-1,"Cedarwood oil, Texas",546-28-1,beta-Cedrene,3.0
8000-27-9,"Cedarwood oil, Virginian",546-28-1,beta-Cedrene,5.9
85085-41-2,"Cedarwood oil, Virginian",546-28-1,beta-Cedrene,5.9
8013-86-3,Cypress oil,546-28-1,beta-Cedrene,0.38
84696-07-1,Cypress oil,546-28-1,beta-Cedrene,0.38
68647-73-4,Tea tree oil,546-28-1,beta-Cedrene,0.03
85085-48-9,Tea tree oil,546-28-1,beta-Cedrene,0.03
8024-12-2,Verbena absolute,546-28-1,beta-Cedrene,0.1
85116-63-8,Verbena absolute,546-28-1,beta-Cedrene,0.1
8016-96-4,Vetiver oil (all origins),546-28-1,beta-Cedrene,0.1
84238-29-9,Vetiver oil (all origins),546-28-1,beta-Cedrene,0.1
68991-20-8,Armoise vulgaris oil,471-15-8,beta-Thujone,7.5
84775-45-1,Armoise vulgaris oil,471-15-8,beta-Thujone,7.5
8022-37-5,Armoise vulgaris oil,471-15-8,beta-Thujone,7.5
91745-71-0,Artemesia afra oil,471-15-8,beta-Thujone,10.0
84775-75-7,Artemisia herba-alba oil,471-15-8,beta-Thujone,10.0
8007-20-3,Cedar leaf oil,471-15-8,beta-Thujone,10.0
90131-58-1,Cedar leaf oil,471-15-8,beta-Thujone,10.0
91770-83-1,"Cedar leaf oil, China",471-15-8,beta-Thujone,10.0
8006-83-5,Hyssop oil,471-15-8,beta-Thujone,0.2
84603-66-7,Hyssop oil,471-15-8,beta-Thujone,0.2
8002-68-4,Juniper berry oil,471-15-8,beta-Thujone,0.05
84603-69-0,Juniper berry oil,471-15-8,beta-Thujone,0.05
90063-99-3,Mentha longifolia oil,471-15-8,beta-Thujone,1.0
8016-36-2,Olibanum absolute,471-15-8,beta-Thujone,0.2
97952-72-2,Olibanum absolute,471-15-8,beta-Thujone,0.2
89957-98-2,Olibanum absolute,471-15-8,beta-Thujone,0.2
8016-36-2,Olibanum carterii oil,471-15-8,beta-Thujone,0.4
8050-07-5,Olibanum carterii oil,471-15-8,beta-Thujone,0.4
89957-98-2,Olibanum carterii oil,471-15-8,beta-Thujone,0.4
8016-36-2,Olibanum oil,471-15-8,beta-Thujone,0.4
8050-07-5,Olibanum oil,471-15-8,beta-Thujone,0.4
89957-98-2,Olibanum sacra oil,471-15-8,beta-Thujone,0.2
8022-56-8,Sage Dalmatian oil,471-15-8,beta-Thujone,8.0
84082-79-1,Sage Dalmatian oil,471-15-8,beta-Thujone,8.0
84082-79-1,Sage Dalmatian oleoresin,471-15-8,beta-Thujone,2.7
8022-56-8,"Sage oil, Spanish",471-15-8,beta-Thujone,0.02
90106-49-3,"Sage oil, Spanish",471-15-8,beta-Thujone,0.02
97952-71-1,"Sage oil, Spanish",471-15-8,beta-Thujone,0.02
8022-56-8,Sage oleoresin,471-15-8,beta-Thujone,2.5
84082-79-1,Sage oleoresin,471-15-8,beta-Thujone,2.5
8016-68-0,Savory summer oil,471-15-8,beta-Thujone,0.5
84775-98-4,Savory summer oil,471-15-8,beta-Thujone,0.5
8016-84-0,Tagetes erecta oil,471-15-8,beta-Thujone,0.5
90131-43-4,Tagetes erecta oil,471-15-8,beta-Thujone,0.5
616-989-2,Tagetes minuta oil,471-15-8,beta-Thujone,0.5
91770-75-1,Tagetes minuta oil,471-15-8,beta-Thujone,0.5
8016-87-3,Tansy oil,471-15-8,beta-Thujone,71.0
84961-64-8,Tansy oil,471-15-8,beta-Thujone,71.0
8007-46-3,"Thyme oil, wild",471-15-8,beta-Thujone,0.2
84776-98-7,"Thyme oil, wild",471-15-8,beta-Thujone,0.2
8008-93-3,Wormwood oil,471-15-8,beta-Thujone,42.0
84929-19-1,Wormwood oil,471-15-8,beta-Thujone,42.0
8022-07-9,Yarrow oil,471-15-8,beta-Thujone,0.6
84082-83-7,Yarrow oil,471-15-8,beta-Thujone,0.6
92346-82-2,"Bucchu oil, crenulata",99-49-0,Carvone,0.19
8023-92-5,Gingergrass oil,99-49-0,Carvone,4.0
92704-07-9,Gingergrass oil,99-49-0,Carvone,4.0
68917-32-8,Grapefruit oil terpenes,99-49-0,Carvone,0.09
90045-43-5,Grapefruit oil terpenes,99-49-0,Carvone,0.09
8016-26-0,Labdanum oil,99-49-0,Carvone,0.25
90244-89-6,Labdanum oil,99-49-0,Carvone,0.25
89997-74-0,Labdanum oil,99-49-0,Carvone,0.25
8015-01-8,"Marjoram oil, sweet",99-49-0,Carvone,0.4
84082-58-6,"Marjoram oil, sweet",99-49-0,Carvone,0.4
90063-99-3,Mentha longifolia oil,99-49-0,Carvone,1.0
90064-32-7,Nigella sativa oil,99-49-0,Carvone,8.0
84775-51-9,Nigella sativa oil,99-49-0,Carvone,8.0
89957-98-2,Olibanum sacra oil,99-49-0,Carvone,0.3
68916-04-1,"Orange oil, bitter",99-49-0,Carvone,0.05
72968-50-4,"Orange oil, bitter",99-49-0,Carvone,0.05
68647-72-3;,"Orange oil, sweet, terpenes",99-49-0,Carvone,0.08
8028-48-6,"Orange oil, sweet, terpenes",99-49-0,Carvone,0.08
8007-11-2,Origanum oil,99-49-0,Carvone,0.1
90131-59-2,Origanum oil,99-49-0,Carvone,0.1
8006-90-4,Peppermint oil,99-49-0,Carvone,0.1
84082-70-2,Peppermint oil,99-49-0,Carvone,0.1
98306-02-6,Peppermint oil,99-49-0,Carvone,0.1
8016-26-0,Cistus oil,97-42-7,Carvyl acetate,0.18
89997-74-0,Cistus oil,97-42-7,Carvyl acetate,0.18
8008-88-6,Valerian root oil,97-42-7,Carvyl acetate,0.05
8057-49-6,Valerian root oil,97-42-7,Carvyl acetate,0.05
8007-80-5,Cassia  bark oil,104-54-1,Cinnamic alcohol,0.3
84961-46-6,Cassia  bark oil,104-54-1,Cinnamic alcohol,0.3
8007-80-5,Cassia bark oleoresin,104-54-1,Cinnamic alcohol,0.37
84961-46-6,Cassia bark oleoresin,104-54-1,Cinnamic alcohol,0.37
8007-80-5,Cassia oil,104-54-1,Cinnamic alcohol,0.2
84961-46-6,Cassia oil,104-54-1,Cinnamic alcohol,0.2
8006-76-6,Champaca absolute,104-54-1,Cinnamic alcohol,0.02
92457-18-6,Champaca absolute,104-54-1,Cinnamic alcohol,0.02
8015-91-6,Cinnamon bark CO2 extract,104-54-1,Cinnamic alcohol,1.1
84649-98-9,Cinnamon bark CO2 extract,104-54-1,Cinnamic alcohol,1.1
8015-91-6,Cinnamon bark oil,104-54-1,Cinnamic alcohol,0.3
84649-98-9,Cinnamon bark oil,104-54-1,Cinnamic alcohol,0.3
97659-68-2,"Cinnamon bark oil, Laos",104-54-1,Cinnamic alcohol,0.5
8016-26-0,Cistus absolute,104-54-1,Cinnamic alcohol,0.03
89997-74-0,Cistus absolute,104-54-1,Cinnamic alcohol,0.03
8023-94-7,Hyacinth absolute,104-54-1,Cinnamic alcohol,11.2
94333-75-2,Hyacinth absolute,104-54-1,Cinnamic alcohol,11.2
103798-23-6,Jasmine sambac absolute,104-54-1,Cinnamic alcohol,0.15
91770-14-8,Jasmine sambac absolute,104-54-1,Cinnamic alcohol,0.15
103798-23-6,Jasmine sambac CO2 extract,104-54-1,Cinnamic alcohol,0.15
91770-14-8,Jasmine sambac CO2 extract,104-54-1,Cinnamic alcohol,0.15
8046-19-3,Styrax absolute,104-54-1,Cinnamic alcohol,0.82
94891-27-7,Styrax absolute,104-54-1,Cinnamic alcohol,0.82
94891-28-8,Styrax absolute,104-54-1,Cinnamic alcohol,0.82
8046-19-3,Styrax essence pyrogenated,104-54-1,Cinnamic alcohol,0.25
8046-19-3,Styrax extract,104-54-1,Cinnamic alcohol,0.8
"8046-19-3, 94891-27-7, 94891-28-8",Styrax extract,104-54-1,Cinnamic alcohol,0.8
8046-19-3,Styrax oil,104-54-1,Cinnamic alcohol,1.85
94891-28-8,Styrax oil,104-54-1,Cinnamic alcohol,1.85
8046-19-3,"Styrax oil, Honduras",104-54-1,Cinnamic alcohol,1.5
94891-28-8,"Styrax oil, Honduras",104-54-1,Cinnamic alcohol,1.5
8024-01-9,"Styrax oil, pyrogenated",104-54-1,Cinnamic alcohol,0.3
94891-27-7,"Styrax oil, pyrogenated",104-54-1,Cinnamic alcohol,0.3
8046-19-3,Styrax resinoid,104-54-1,Cinnamic alcohol,1.4
8006-81-3,Ylang ylang oil I,104-54-1,Cinnamic alcohol,0.01
83863-30-3,Ylang ylang oil I,104-54-1,Cinnamic alcohol,0.01
8006-81-3,Ylang ylang oil II,104-54-1,Cinnamic alcohol,0.02
83863-30-3,Ylang ylang oil II,104-54-1,Cinnamic alcohol,0.02
8006-81-3,Ylang ylang oil III,104-54-1,Cinnamic alcohol,0.02
83863-30-3,Ylang ylang oil III,104-54-1,Cinnamic alcohol,0.02
8007-80-5,Cassia  bark oil,104-55-2,Cinnamic aldehyde,78.85
84961-46-6,Cassia  bark oil,104-55-2,Cinnamic aldehyde,78.85
8007-80-5,Cassia bark oleoresin,104-55-2,Cinnamic aldehyde,46.23
84961-46-6,Cassia bark oleoresin,104-55-2,Cinnamic aldehyde,46.23
8007-80-5,Cassia oil,104-55-2,Cinnamic aldehyde,79.5
84961-46-6,Cassia oil,104-55-2,Cinnamic aldehyde,79.5
8015-91-6,Cinnamon bark CO2 extract,104-55-2,Cinnamic aldehyde,77.5
84649-98-9,Cinnamon bark CO2 extract,104-55-2,Cinnamic aldehyde,77.5
8015-91-6,Cinnamon bark oil,104-55-2,Cinnamic aldehyde,75.0
84649-98-9,Cinnamon bark oil,104-55-2,Cinnamic aldehyde,75.0
97659-68-2,"Cinnamon bark oil, Laos",104-55-2,Cinnamic aldehyde,95.0
8015-91-6,Cinnamon leaf oil,104-55-2,Cinnamic aldehyde,1.5
84649-98-9,Cinnamon leaf oil,104-55-2,Cinnamic aldehyde,1.5
8023-94-7,Hyacinth absolute,104-55-2,Cinnamic aldehyde,0.3
94333-75-2,Hyacinth absolute,104-55-2,Cinnamic aldehyde,0.3
8046-19-3,Styrax extract,104-55-2,Cinnamic aldehyde,0.05
"8046-19-3, 94891-27-7, 94891-28-8",Styrax extract,104-55-2,Cinnamic aldehyde,0.05
8046-19-3,Styrax oil,104-55-2,Cinnamic aldehyde,0.03
94891-28-8,Styrax oil,104-55-2,Cinnamic aldehyde,0.03
8046-19-3,"Styrax oil, Honduras",104-55-2,Cinnamic aldehyde,0.1
94891-28-8,"Styrax oil, Honduras",104-55-2,Cinnamic aldehyde,0.1
8046-19-3,Styrax resinoid,104-55-2,Cinnamic aldehyde,0.04
917-841-2,"Erospicata oil, Mentha spicata 'Erospicata'",35154-45-1,cis-3-Hexenyl isovalerate,0.16
84696-51-5,"Erospicata oil, Mentha spicata 'Erospicata'",35154-45-1,cis-3-Hexenyl isovalerate,0.16
8000-46-2,Geranium oil,35154-45-1,cis-3-Hexenyl isovalerate,0.1
90082-51-2,Geranium oil,35154-45-1,cis-3-Hexenyl isovalerate,0.1
68917-18-0,Mentha arvensis oil,35154-45-1,cis-3-Hexenyl isovalerate,0.98
"90063-97-1, 91722-84-8",Mentha arvensis oil,35154-45-1,cis-3-Hexenyl isovalerate,0.98
8006-90-4,Peppermint oil,35154-45-1,cis-3-Hexenyl isovalerate,0.1
84082-70-2,Peppermint oil,35154-45-1,cis-3-Hexenyl isovalerate,0.1
98306-02-6,Peppermint oil,35154-45-1,cis-3-Hexenyl isovalerate,0.1
8015-79-0,Calamus oil,5273-86-9,cis-Asarone/beta-Asarone,70.0
84775-39-3,Calamus oil,5273-86-9,cis-Asarone/beta-Asarone,70.0
8015-88-1,Carrot seed oil,5273-86-9,cis-Asarone/beta-Asarone,0.05
84929-61-3,Carrot seed oil,5273-86-9,cis-Asarone/beta-Asarone,0.05
8007-87-2,Cubeb oil,5273-86-9,cis-Asarone/beta-Asarone,2.98
90082-59-0,Cubeb oil,5273-86-9,cis-Asarone/beta-Asarone,2.98
8024-12-2,Verbena absolute,5273-86-9,cis-Asarone/beta-Asarone,0.01
85116-63-8,Verbena absolute,5273-86-9,cis-Asarone/beta-Asarone,0.01
96507-91-4,Cardamom seed absolute,5392-40-5,Citral,0.88
85940-32-5,Cardamom seed absolute,5392-40-5,Citral,0.88
96507-91-4,Cardamom seed CO2 extract,5392-40-5,Citral,0.88
85940-32-5,Cardamom seed CO2 extract,5392-40-5,Citral,0.88
8000-66-6,Cardamom seed oil,5392-40-5,Citral,0.5
85940-32-5,Cardamom seed oil,5392-40-5,Citral,0.5
96507-91-4,Cardamom seed oil,5392-40-5,Citral,0.5
8023-82-3,Cassie absolute,5392-40-5,Citral,0.03
89958-31-6,Cassie absolute,5392-40-5,Citral,0.03
8000-29-1,"Citronella oil, Ceylon type",5392-40-5,Citral,0.8
89998-15-2,"Citronella oil, Ceylon type",5392-40-5,Citral,0.8
8000-29-1,"Citronella oil, Java type",5392-40-5,Citral,0.8
91771-61-8,"Citronella oil, Java type",5392-40-5,Citral,0.8
233683-84-6,Citrus junos oil,5392-40-5,Citral,0.01
93686-22-7,Clementine oil,5392-40-5,Citral,0.15
799259-56-6,Cyperus articulatus oil,5392-40-5,Citral,0.7
92201-64-4,Eucalyptus radiata oil,5392-40-5,Citral,1.5
8000-46-2,Geranium oil,5392-40-5,Citral,0.5
90082-51-2,Geranium oil,5392-40-5,Citral,0.5
8000-46-2,Geranium oil African,5392-40-5,Citral,0.5
90082-52-3,Geranium oil African,5392-40-5,Citral,0.5
8007-08-7,Ginger oil,5392-40-5,Citral,2.8
84696-15-1,Ginger oil,5392-40-5,Citral,2.8
8007-08-7,Ginger oleoresin,5392-40-5,Citral,0.8
84696-15-1,Ginger oleoresin,5392-40-5,Citral,0.8
8016-20-4,Grapefruit oil,5392-40-5,Citral,0.1
90045-43-5,Grapefruit oil,5392-40-5,Citral,0.1
68917-32-8,Grapefruit oil terpenes,5392-40-5,Citral,0.01
90045-43-5,Grapefruit oil terpenes,5392-40-5,Citral,0.01
68916-46-1,"Grapefruit oil, terpeneless",5392-40-5,Citral,10.0
90045-43-5,"Grapefruit oil, terpeneless",5392-40-5,Citral,10.0
938464-05-2,"Kumquat oil, Fortunella margarita",5392-40-5,Citral,10.0
8008-56-8,Lemon essence oil,5392-40-5,Citral,2.03
84929-31-7,Lemon essence oil,5392-40-5,Citral,2.03
8008-56-8,"Lemon oil, expressed",5392-40-5,Citral,3.5
84929-31-7,"Lemon oil, expressed",5392-40-5,Citral,3.5
68648-39-5,"Lemon oil, terpeneless",5392-40-5,Citral,40.0
84929-31-7,"Lemon oil, terpeneless",5392-40-5,Citral,40.0
8007-02-1,"Lemongrass oil, West Indian",5392-40-5,Citral,73.0
89998-14-1,"Lemongrass oil, West Indian",5392-40-5,Citral,73.0
68855-99-2,Litsea cubeba oil,5392-40-5,Citral,69.0
90063-59-5,Litsea cubeba oil,5392-40-5,Citral,69.0
68917-15-7,Mentha citrata oil,5392-40-5,Citral,0.03
85085-49-0,Mentha citrata oil,5392-40-5,Citral,0.03
1370641-98-7,Meyer lemon oil. cold pressed,5392-40-5,Citral,5.0
93686-22-7,"Murcote oil, expressed",5392-40-5,Citral,0.1
68514-75-0,Orange essence oil,5392-40-5,Citral,0.15
8028-48-6,Orange essence oil,5392-40-5,Citral,0.15
68647-72-3;,"Orange oil, sweet, terpenes",5392-40-5,Citral,0.01
8028-48-6,"Orange oil, sweet, terpenes",5392-40-5,Citral,0.01
8008-57-9,"Orange, sweet, Valencia oil",5392-40-5,Citral,0.15
97766-30-8,"Orange, sweet, Valencia oil",5392-40-5,Citral,0.15
8014-19-5,Palmarosa oil,5392-40-5,Citral,0.6
91722-54-2,Palmarosa oil,5392-40-5,Citral,0.6
84649-81-0,Palmarosa oil,5392-40-5,Citral,0.6
68132-21-8,Perilla oil,5392-40-5,Citral,0.17
90082-61-4,Perilla oil,5392-40-5,Citral,0.17
8030-28-2,Petitgrain bigarade absolute,5392-40-5,Citral,0.2
72968-50-4,Petitgrain bigarade absolute,5392-40-5,Citral,0.2
8014-17-3,Petitgrain bigarade oil,5392-40-5,Citral,0.65
72968-50-4,Petitgrain bigarade oil,5392-40-5,Citral,0.65
8048-51-9,Petitgrain lemon oil,5392-40-5,Citral,23.0
84929-31-7,Petitgrain lemon oil,5392-40-5,Citral,23.0
8014-17-3,Petitgrain mandarin oil,5392-40-5,Citral,0.14
84929-38-4,Petitgrain mandarin oil,5392-40-5,Citral,0.14
90106-38-0,Rose concrete,5392-40-5,Citral,0.16
72869-73-9,"Tangelo oil, expressed",5392-40-5,Citral,0.1
93763-95-2,"Tangelo oil, expressed",5392-40-5,Citral,0.1
8016-85-1,Tangerine oil,5392-40-5,Citral,0.1
93686-22-7,Tangerine oil,5392-40-5,Citral,0.1
8008-31-9,Tangerine oil,5392-40-5,Citral,0.1
93686-22-7,"Tangor oil, expressed",5392-40-5,Citral,0.1
8024-12-2,Verbena absolute,5392-40-5,Citral,25.6
85116-63-8,Verbena absolute,5392-40-5,Citral,25.6
8006-81-3,Ylang ylang oil I,5392-40-5,Citral,0.12
83863-30-3,Ylang ylang oil I,5392-40-5,Citral,0.12
8006-81-3,Ylang ylang oil II,5392-40-5,Citral,0.09
83863-30-3,Ylang ylang oil II,5392-40-5,Citral,0.09
8006-81-3,Ylang ylang oil III,5392-40-5,Citral,0.02
83863-30-3,Ylang ylang oil III,5392-40-5,Citral,0.02
8006-81-3,"Ylang, Ylang oil extra",5392-40-5,Citral,0.01
83863-30-3,"Ylang, Ylang oil extra",5392-40-5,Citral,0.01
8014-71-9,Balm oil,106-23-0,Citronellal,6.88
84082-61-1,Balm oil,106-23-0,Citronellal,6.88
68991-25-3,Citron oil,106-23-0,Citronellal,0.15
8000-29-1,"Citronella oil, Ceylon type",106-23-0,Citronellal,4.5
89998-15-2,"Citronella oil, Ceylon type",106-23-0,Citronellal,4.5
8000-29-1,"Citronella oil, Java type",106-23-0,Citronellal,36.0
91771-61-8,"Citronella oil, Java type",106-23-0,Citronellal,36.0
91771-50-5,Citrus hystrix extract,106-23-0,Citronellal,11.7
93686-22-7,Clementine oil,106-23-0,Citronellal,0.1
85203-56-1,Eucalyptus citriodora oil,106-23-0,Citronellal,71.77
8000-46-2,Geranium oil,106-23-0,Citronellal,0.15
90082-51-2,Geranium oil,106-23-0,Citronellal,0.15
8007-08-7,Ginger oil,106-23-0,Citronellal,0.4
84696-15-1,Ginger oil,106-23-0,Citronellal,0.4
8016-20-4,Grapefruit essence oil,106-23-0,Citronellal,0.07
90045-43-5,Grapefruit essence oil,106-23-0,Citronellal,0.07
8016-20-4,Grapefruit oil,106-23-0,Citronellal,0.1
90045-43-5,Grapefruit oil,106-23-0,Citronellal,0.1
8016-20-4,Grapefruit oil,106-23-0,Citronellal,0.1
90045-43-5,Grapefruit oil,106-23-0,Citronellal,0.1
68917-32-8,Grapefruit oil terpenes,106-23-0,Citronellal,0.01
90045-43-5,Grapefruit oil terpenes,106-23-0,Citronellal,0.01
68916-46-1,"Grapefruit oil, terpeneless",106-23-0,Citronellal,3.2
90045-43-5,"Grapefruit oil, terpeneless",106-23-0,Citronellal,3.2
938464-05-2,"Kumquat oil, Fortunella margarita",106-23-0,Citronellal,3.0
8008-56-8,Lemon essence oil,106-23-0,Citronellal,0.06
84929-31-7,Lemon essence oil,106-23-0,Citronellal,0.06
8008-56-8,Lemon oil steam distilled,106-23-0,Citronellal,0.07
84929-31-7,Lemon oil steam distilled,106-23-0,Citronellal,0.07
8008-56-8,"Lemon oil, expressed",106-23-0,Citronellal,0.1
84929-31-7,"Lemon oil, expressed",106-23-0,Citronellal,0.1
68648-39-5,"Lemon oil, terpeneless",106-23-0,Citronellal,3.0
84929-31-7,"Lemon oil, terpeneless",106-23-0,Citronellal,3.0
8007-02-1,"Lemongrass oil, East Indian",106-23-0,Citronellal,0.51
91844-92-7,"Lemongrass oil, East Indian",106-23-0,Citronellal,0.51
8007-02-1,"Lemongrass oil, West Indian",106-23-0,Citronellal,0.3
89998-14-1,"Lemongrass oil, West Indian",106-23-0,Citronellal,0.3
8008-26-2,"Lime oil, expressed",106-23-0,Citronellal,0.5
93685-55-3,"Lime oil, expressed",106-23-0,Citronellal,0.5
90063-52-8,"Lime oil, expressed",106-23-0,Citronellal,0.5
68855-99-2,Litsea cubeba oil,106-23-0,Citronellal,1.1
90063-59-5,Litsea cubeba oil,106-23-0,Citronellal,1.1
1370641-98-7,Meyer lemon oil. cold pressed,106-23-0,Citronellal,0.2
93686-22-7,"Murcote oil, expressed",106-23-0,Citronellal,0.1
8008-26-2,"Persian lime oil, expressed",106-23-0,Citronellal,1.39
90063-52-8,"Persian lime oil, expressed",106-23-0,Citronellal,1.39
8014-17-3,Petitgrain bigarade oil,106-23-0,Citronellal,0.05
72968-50-4,Petitgrain bigarade oil,106-23-0,Citronellal,0.05
8048-51-9,Petitgrain lemon oil,106-23-0,Citronellal,1.0
84929-31-7,Petitgrain lemon oil,106-23-0,Citronellal,1.0
8014-17-3,Petitgrain mandarin oil,106-23-0,Citronellal,0.05
84929-38-4,Petitgrain mandarin oil,106-23-0,Citronellal,0.05
8007-01-0,Rose oil,106-23-0,Citronellal,0.51
90106-38-0,Rose oil,106-23-0,Citronellal,0.51
72869-73-9,"Tangelo oil, expressed",106-23-0,Citronellal,0.1
93763-95-2,"Tangelo oil, expressed",106-23-0,Citronellal,0.1
8016-85-1,Tangerine oil,106-23-0,Citronellal,0.1
93686-22-7,Tangerine oil,106-23-0,Citronellal,0.1
8008-31-9,Tangerine oil,106-23-0,Citronellal,0.1
93686-22-7,"Tangor oil, expressed",106-23-0,Citronellal,0.1
8021-27-0,Abies alba cone oil,150-84-5,Citronellyl acetate,0.05
90028-76-5,Abies alba cone oil,150-84-5,Citronellyl acetate,0.05
8014-71-9,Balm oil,150-84-5,Citronellyl acetate,1.35
84082-61-1,Balm oil,150-84-5,Citronellyl acetate,1.35
8015-73-4,"Basil oil, chemotype linalool",150-84-5,Citronellyl acetate,0.1
84775-71-3,"Basil oil, chemotype linalool",150-84-5,Citronellyl acetate,0.1
84649-93-4,"Bucchu absolute, betulina",150-84-5,Citronellyl acetate,0.15
68650-46-4,"Bucchu absolute, betulina",150-84-5,Citronellyl acetate,0.15
8000-29-1,"Citronella oil, Ceylon type",150-84-5,Citronellyl acetate,0.9
89998-15-2,"Citronella oil, Ceylon type",150-84-5,Citronellyl acetate,0.9
8000-29-1,"Citronella oil, Java type",150-84-5,Citronellyl acetate,3.0
91771-61-8,"Citronella oil, Java type",150-84-5,Citronellyl acetate,3.0
91771-50-5,Citrus hystrix extract,150-84-5,Citronellyl acetate,0.4
85203-56-1,Eucalyptus citriodora oil,150-84-5,Citronellyl acetate,1.81
8000-46-2,Geranium absolute,150-84-5,Citronellyl acetate,0.41
90082-51-2,Geranium absolute,150-84-5,Citronellyl acetate,0.41
68916-42-7,Geranium absolute,150-84-5,Citronellyl acetate,0.41
8000-46-2,Geranium oil,150-84-5,Citronellyl acetate,0.5
90082-51-2,Geranium oil,150-84-5,Citronellyl acetate,0.5
8000-46-2,Geranium oil African,150-84-5,Citronellyl acetate,0.8
90082-52-3,Geranium oil African,150-84-5,Citronellyl acetate,0.8
8007-08-7,Ginger CO2 extract,150-84-5,Citronellyl acetate,0.17
84696-15-1,Ginger CO2 extract,150-84-5,Citronellyl acetate,0.17
68916-46-1,"Grapefruit oil, terpeneless",150-84-5,Citronellyl acetate,0.31
90045-43-5,"Grapefruit oil, terpeneless",150-84-5,Citronellyl acetate,0.31
8002-68-4,Juniper berry oil,150-84-5,Citronellyl acetate,0.19
84603-69-0,Juniper berry oil,150-84-5,Citronellyl acetate,0.19
68648-39-5,"Lemon oil, terpeneless",150-84-5,Citronellyl acetate,1.72
84929-31-7,"Lemon oil, terpeneless",150-84-5,Citronellyl acetate,1.72
8007-02-1,"Lemongrass oil, East Indian",150-84-5,Citronellyl acetate,0.23
91844-92-7,"Lemongrass oil, East Indian",150-84-5,Citronellyl acetate,0.23
8008-45-5,Nutmeg oil,150-84-5,Citronellyl acetate,0.13
84082-68-8,Nutmeg oil,150-84-5,Citronellyl acetate,0.13
8048-51-9,Petitgrain lemon oil,150-84-5,Citronellyl acetate,0.2
84929-31-7,Petitgrain lemon oil,150-84-5,Citronellyl acetate,0.2
90106-38-0,Rose absolute,150-84-5,Citronellyl acetate,0.13
90106-38-0,Rose concrete,150-84-5,Citronellyl acetate,0.03
8007-01-0,Rose oil,150-84-5,Citronellyl acetate,0.55
90106-38-0,Rose oil,150-84-5,Citronellyl acetate,0.55
8007-01-0,Rose water stronger,150-84-5,Citronellyl acetate,0.02
84604-12-6,Rose water stronger,150-84-5,Citronellyl acetate,0.02
68917-52-2,Schinus molle oil,150-84-5,Citronellyl acetate,0.14
94334-31-3,Schinus molle oil,150-84-5,Citronellyl acetate,0.14
949495-68-5,Schinus terebenthifolius CO2 extract,150-84-5,Citronellyl acetate,0.25
616-989-2,Tagetes minuta oil,150-84-5,Citronellyl acetate,0.43
91770-75-1,Tagetes minuta oil,150-84-5,Citronellyl acetate,0.43
8007-80-5,Cassia  bark oil,91-64-5,Coumarin,2.85
84961-46-6,Cassia  bark oil,91-64-5,Coumarin,2.85
8007-80-5,Cassia bark oleoresin,91-64-5,Coumarin,3.27
84961-46-6,Cassia bark oleoresin,91-64-5,Coumarin,3.27
8007-80-5,Cassia oil,91-64-5,Coumarin,2.0
84961-46-6,Cassia oil,91-64-5,Coumarin,2.0
8015-91-6,Cinnamon bark CO2 extract,91-64-5,Coumarin,0.1
84649-98-9,Cinnamon bark CO2 extract,91-64-5,Coumarin,0.1
8015-91-6,Cinnamon bark oil,91-64-5,Coumarin,0.6
84649-98-9,Cinnamon bark oil,91-64-5,Coumarin,0.6
97659-68-2,"Cinnamon bark oil, Laos",91-64-5,Coumarin,3.0
8015-91-6,Cinnamon leaf oil,91-64-5,Coumarin,0.3
84649-98-9,Cinnamon leaf oil,91-64-5,Coumarin,0.3
68606-82-6,Deertongue leaf absolute,91-64-5,Coumarin,25.0
68602-86-8,Deertongue leaf absolute,91-64-5,Coumarin,25.0
68916-09-6,Flouve absolute,91-64-5,Coumarin,2.0
89957-44-8,Flouve absolute,91-64-5,Coumarin,2.0
8031-00-3,Hay absolute,91-64-5,Coumarin,8.0
90063-63-1,Hay absolute,91-64-5,Coumarin,8.0
100209-32-3,Hay absolute,91-64-5,Coumarin,8.0
8022-15-9,Lavandin abrialis oil,91-64-5,Coumarin,0.2
93455-96-0,Lavandin abrialis oil,91-64-5,Coumarin,0.2
8022-15-9,Lavandin absolute,91-64-5,Coumarin,1.77
91722-69-9,Lavandin absolute,91-64-5,Coumarin,1.77
8022-15-9,Lavandin concrete,91-64-5,Coumarin,1.21
91722-69-9,Lavandin concrete,91-64-5,Coumarin,1.21
617-009-6,Lavandin grosso absolute,91-64-5,Coumarin,4.09
93455-97-1,Lavandin grosso absolute,91-64-5,Coumarin,4.09
93685-88-2,Lavandin super oil,91-64-5,Coumarin,0.1
8000-28-0,Lavender absolute,91-64-5,Coumarin,5.98
84776-65-8,Lavender absolute,91-64-5,Coumarin,5.98
90063-37-9,Lavender absolute,91-64-5,Coumarin,5.98
97722-12-8,Lavender absolute,91-64-5,Coumarin,5.98
93165-50-5,Lavender oil dentata,91-64-5,Coumarin,0.35
68917-12-4,Narcissus poeticus absolute,91-64-5,Coumarin,1.2
90064-26-9,Narcissus poeticus absolute,91-64-5,Coumarin,1.2
68917-05-5,Osmanthus absolute,91-64-5,Coumarin,0.02
92347-21-2,Osmanthus absolute,91-64-5,Coumarin,0.02
68917-05-5,Osmanthus concrete,91-64-5,Coumarin,0.02
92347-21-2,Osmanthus concrete,91-64-5,Coumarin,0.02
8024-04-2,Tonka Bean absolute,91-64-5,Coumarin,56.77
90028-06-1,Tonka Bean absolute,91-64-5,Coumarin,56.77
8046-22-8,Tonka Bean absolute,91-64-5,Coumarin,56.77
8001-88-5,"Birch tar oil, rectified",1319-77-3,Cresol (unspecified),1.8
"84012-15-7, 85940-29-0, 91745-85-6","Birch tar oil, rectified",1319-77-3,Cresol (unspecified),1.8
8022-96-6,Jasmine CO2 extract,1319-77-3,Cresol (unspecified),0.016
84776-64-7,Jasmine CO2 extract,1319-77-3,Cresol (unspecified),0.016
8022-96-6,Jasmine grandiflorum absolute,1319-77-3,Cresol (unspecified),0.7
84776-64-7,Jasmine grandiflorum absolute,1319-77-3,Cresol (unspecified),0.7
8024-43-9,Jasmine officinale absolute,1319-77-3,Cresol (unspecified),0.01
90045-94-6,Jasmine officinale absolute,1319-77-3,Cresol (unspecified),0.01
8008-45-5,Nutmeg oil,1319-77-3,Cresol (unspecified),0.1
84082-68-8,Nutmeg oil,1319-77-3,Cresol (unspecified),0.1
232-374-8,"Pine tar oil, rectified",1319-77-3,Cresol (unspecified),0.68
97435-14-8,"Pine tar oil, rectified",1319-77-3,Cresol (unspecified),0.68
8046-19-3,Styrax extract,1319-77-3,Cresol (unspecified),0.39
"8046-19-3, 94891-27-7, 94891-28-8",Styrax extract,1319-77-3,Cresol (unspecified),0.39
8006-81-3,Ylang ylang oil I,1319-77-3,Cresol (unspecified),0.03
83863-30-3,Ylang ylang oil I,1319-77-3,Cresol (unspecified),0.03
8006-81-3,Ylang ylang oil II,1319-77-3,Cresol (unspecified),0.03
83863-30-3,Ylang ylang oil II,1319-77-3,Cresol (unspecified),0.03
8007-87-2,Cubeb oil,122-03-2,Cuminaldehyde,0.09
90082-59-0,Cubeb oil,122-03-2,Cuminaldehyde,0.09
8014-13-9,Cumin seed oil,122-03-2,Cuminaldehyde,21.0
84775-51-9,Cumin seed oil,122-03-2,Cuminaldehyde,21.0
8000-28-0,Lavender absolute,122-03-2,Cuminaldehyde,0.06
84776-65-8,Lavender absolute,122-03-2,Cuminaldehyde,0.06
90063-37-9,Lavender absolute,122-03-2,Cuminaldehyde,0.06
97722-12-8,Lavender absolute,122-03-2,Cuminaldehyde,0.06
93165-50-5,Lavender oil dentata,122-03-2,Cuminaldehyde,0.2
68132-21-8,Perilla oil,122-03-2,Cuminaldehyde,0.24
90082-61-4,Perilla oil,122-03-2,Cuminaldehyde,0.24
8015-64-3,Angelica root oil,106-02-5,Cyclopentadecanolide/omega-Pentadecalatone,1.6
84775-41-7,Angelica root oil,106-02-5,Cyclopentadecanolide/omega-Pentadecalatone,1.6
8015-64-3,Angelica seed oil,106-02-5,Cyclopentadecanolide/omega-Pentadecalatone,0.29
84775-41-7,Angelica seed oil,106-02-5,Cyclopentadecanolide/omega-Pentadecalatone,0.29
8023-91-4,Galbanum oil,106-02-5,Cyclopentadecanolide/omega-Pentadecalatone,0.1
9000-24-2,Galbanum oil,106-02-5,Cyclopentadecanolide/omega-Pentadecalatone,0.1
93165-40-3,Galbanum oil,106-02-5,Cyclopentadecanolide/omega-Pentadecalatone,0.1
8000-42-8,Caraway seed oil,2244-16-8,d-Carvone,59.0
85940-31-4,Caraway seed oil,2244-16-8,d-Carvone,59.0
8015-90-5,Celery seed oil,2244-16-8,d-Carvone,0.2
89997-35-3,Celery seed oil,2244-16-8,d-Carvone,0.2
8015-90-5,Celery seed oleoresin,2244-16-8,d-Carvone,0.1
89997-35-3,Celery seed oleoresin,2244-16-8,d-Carvone,0.1
8006-75-5,Dill seed oil,2244-16-8,d-Carvone,51.0
90028-03-8,Dill seed oil,2244-16-8,d-Carvone,51.0
8006-75-5,Dill weed oil,2244-16-8,d-Carvone,31.5
90028-03-8,Dill weed oil,2244-16-8,d-Carvone,31.5
68606-82-6,Deertongue leaf absolute,119-84-6,Dihydrocoumarin,2.0
68602-86-8,Deertongue leaf absolute,119-84-6,Dihydrocoumarin,2.0
8024-04-2,Tonka Bean absolute,119-84-6,Dihydrocoumarin,1.85
90028-06-1,Tonka Bean absolute,119-84-6,Dihydrocoumarin,1.85
8046-22-8,Tonka Bean absolute,119-84-6,Dihydrocoumarin,1.85
8014-71-9,Balm oil,106-22-9,dl-Citronellol,7.49
84082-61-1,Balm oil,106-22-9,dl-Citronellol,7.49
84649-93-4,"Bucchu absolute, betulina",106-22-9,dl-Citronellol,0.19
68650-46-4,"Bucchu absolute, betulina",106-22-9,dl-Citronellol,0.19
68991-25-3,Citron oil,106-22-9,dl-Citronellol,0.12
8000-29-1,"Citronella oil, Ceylon type",106-22-9,dl-Citronellol,6.0
89998-15-2,"Citronella oil, Ceylon type",106-22-9,dl-Citronellol,6.0
8000-29-1,"Citronella oil, Java type",106-22-9,dl-Citronellol,11.0
91771-61-8,"Citronella oil, Java type",106-22-9,dl-Citronellol,11.0
91771-50-5,Citrus hystrix extract,106-22-9,dl-Citronellol,3.0
85203-56-1,Eucalyptus citriodora oil,106-22-9,dl-Citronellol,7.37
68917-43-1,Hibawood oil,106-22-9,dl-Citronellol,0.38
91722-39-3,Hibawood oil,106-22-9,dl-Citronellol,0.38
8007-02-1,"Lemongrass oil, East Indian",106-22-9,dl-Citronellol,0.25
91844-92-7,"Lemongrass oil, East Indian",106-22-9,dl-Citronellol,0.25
8008-26-2,Lime oil distilled,106-22-9,dl-Citronellol,0.01
90063-52-8,Lime oil distilled,106-22-9,dl-Citronellol,0.01
68855-99-2,Litsea cubeba oil,106-22-9,dl-Citronellol,0.15
90063-59-5,Litsea cubeba oil,106-22-9,dl-Citronellol,0.15
8016-33-9,"Marjoram oil, Spanish",106-22-9,dl-Citronellol,0.09
91722-83-7,"Marjoram oil, Spanish",106-22-9,dl-Citronellol,0.09
84837-14-9,"Marjoram oil, Spanish",106-22-9,dl-Citronellol,0.09
8014-68-4,Niaouli oil,106-22-9,dl-Citronellol,0.1
132940-73-9,Niaouli oil,106-22-9,dl-Citronellol,0.1
8016-38-4,"Orange flower oil, bitter (neroli and neroli bigarade)",106-22-9,dl-Citronellol,0.04
72968-50-4,"Orange flower oil, bitter (neroli and neroli bigarade)",106-22-9,dl-Citronellol,0.04
8030-28-2,Orange flower water absolute,106-22-9,dl-Citronellol,0.02
72968-50-4,Orange flower water absolute,106-22-9,dl-Citronellol,0.02
90106-38-0,Rose absolute,106-22-9,dl-Citronellol,4.02
90106-38-0,Rose concrete,106-22-9,dl-Citronellol,4.7
8007-01-0,Rose oil,106-22-9,dl-Citronellol,32.5
90106-38-0,Rose oil,106-22-9,dl-Citronellol,32.5
8007-01-0,Rose water stronger,106-22-9,dl-Citronellol,1.2
84604-12-6,Rose water stronger,106-22-9,dl-Citronellol,1.2
68917-52-2,Schinus molle oil,106-22-9,dl-Citronellol,0.02
94334-31-3,Schinus molle oil,106-22-9,dl-Citronellol,0.02
8008-80-8,"Spruce oil, Black",106-22-9,dl-Citronellol,0.2
91722-18-9,"Spruce oil, Black",106-22-9,dl-Citronellol,0.2
91770-69-3,"Spruce oil, White",106-22-9,dl-Citronellol,0.28
91722-18-8,"Spruce oil, White",106-22-9,dl-Citronellol,0.28
8007-46-3,"Thyme oil, red",106-22-9,dl-Citronellol,0.02
84929-51-1,"Thyme oil, red",106-22-9,dl-Citronellol,0.02
8024-12-2,Verbena absolute,106-22-9,dl-Citronellol,0.45
85116-63-8,Verbena absolute,106-22-9,dl-Citronellol,0.45
8007-70-3,Anise seed oil,140-67-0,Estragole,2.39
84775-42-8,Anise seed oil,140-67-0,Estragole,2.39
8015-73-4,"Basil oil, chemotype estragole",140-67-0,Estragole,81.87
84775-71-3,"Basil oil, chemotype estragole",140-67-0,Estragole,81.87
8015-73-4,"Basil oil, chemotype linalool",140-67-0,Estragole,0.95
84775-71-3,"Basil oil, chemotype linalool",140-67-0,Estragole,0.95
8015-73-4,"Basil oleoresin, chemotype estragole",140-67-0,Estragole,34.0
84775-71-3,"Basil oleoresin, chemotype estragole",140-67-0,Estragole,34.0
8006-78-8,"Bay leaf, West Indian, oil",140-67-0,Estragole,0.1
91721-75-4,"Bay leaf, West Indian, oil",140-67-0,Estragole,0.1
85085-61-6,"Bay leaf, West Indian, oil",140-67-0,Estragole,0.1
84625-39-8,"Fennel oil, bitter, phellandrene type",140-67-0,Estragole,4.7
8006-84-6,"Fennel oil, bitter,anethole type",140-67-0,Estragole,2.1
84625-39-8,"Fennel oil, bitter,anethole type",140-67-0,Estragole,2.1
8006-84-6,"Fennel oil, sweet",140-67-0,Estragole,2.32
84455-29-8,"Fennel oil, sweet",140-67-0,Estragole,2.32
8024-15-5,"Fir needle oil, Canadian",140-67-0,Estragole,0.04
85085-34-3,"Fir needle oil, Canadian",140-67-0,Estragole,0.04
8006-83-5,Hyssop oil,140-67-0,Estragole,0.17
84603-66-7,Hyssop oil,140-67-0,Estragole,0.17
8007-48-5,Laurel leaf oil,140-67-0,Estragole,0.16
8002-41-3,Laurel leaf oil,140-67-0,Estragole,0.16
84603-73-6,Laurel leaf oil,140-67-0,Estragole,0.16
68917-15-7,Mentha citrata oil,140-67-0,Estragole,0.3
85085-49-0,Mentha citrata oil,140-67-0,Estragole,0.3
8008-46-6,Myrtle oil,140-67-0,Estragole,0.1
84083-67-7,Myrtle oil,140-67-0,Estragole,0.1
91770-56-8,Ravensara aromatica oil,140-67-0,Estragole,8.0
68952-43-2,Star anise oil,140-67-0,Estragole,3.3
84650-59-9,Star anise oil,140-67-0,Estragole,3.3
8016-88-4,Tarragon oil,140-67-0,Estragole,80.0
90131-45-6,Tarragon oil,140-67-0,Estragole,80.0
8006-81-3,Ylang ylang oil I,140-67-0,Estragole,0.2
83863-30-3,Ylang ylang oil I,140-67-0,Estragole,0.2
8006-81-3,Ylang ylang oil II,140-67-0,Estragole,0.13
83863-30-3,Ylang ylang oil II,140-67-0,Estragole,0.13
8006-81-3,Ylang ylang oil III,140-67-0,Estragole,0.03
83863-30-3,Ylang ylang oil III,140-67-0,Estragole,0.03
8006-81-3,"Ylang, Ylang oil extra",140-67-0,Estragole,0.02
83863-30-3,"Ylang, Ylang oil extra",140-67-0,Estragole,0.02
8006-77-7,Allspice oil,97-53-0,Eugenol,69.0
84929-57-7,Allspice oil,97-53-0,Eugenol,69.0
8006-77-7,Allspice oleoresin,97-53-0,Eugenol,41.4
84929-57-7,Allspice oleoresin,97-53-0,Eugenol,41.4
68991-20-8,Armoise vulgaris oil,97-53-0,Eugenol,1.0
84775-45-1,Armoise vulgaris oil,97-53-0,Eugenol,1.0
8022-37-5,Armoise vulgaris oil,97-53-0,Eugenol,1.0
8015-73-4,"Basil oil, chemotype estragole",97-53-0,Eugenol,0.34
84775-71-3,"Basil oil, chemotype estragole",97-53-0,Eugenol,0.34
8015-73-4,"Basil oil, chemotype linalool",97-53-0,Eugenol,7.9
84775-71-3,"Basil oil, chemotype linalool",97-53-0,Eugenol,7.9
8015-73-4,"Basil oleoresin, chemotype estragole",97-53-0,Eugenol,0.2
84775-71-3,"Basil oleoresin, chemotype estragole",97-53-0,Eugenol,0.2
8006-78-8,"Bay leaf, West Indian, oil",97-53-0,Eugenol,51.0
91721-75-4,"Bay leaf, West Indian, oil",97-53-0,Eugenol,51.0
85085-61-6,"Bay leaf, West Indian, oil",97-53-0,Eugenol,51.0
8015-79-0,Calamus oil,97-53-0,Eugenol,0.2
84775-39-3,Calamus oil,97-53-0,Eugenol,0.2
68606-83-7,Cananga oil,97-53-0,Eugenol,0.4
93686-30-7,Cananga oil,97-53-0,Eugenol,0.4
8021-43-0,Carnation absolute,97-53-0,Eugenol,18.0
89958-29-2,Carnation absolute,97-53-0,Eugenol,18.0
8007-06-5,Cascarilla bark oil,97-53-0,Eugenol,0.4
84836-99-7,Cascarilla bark oil,97-53-0,Eugenol,0.4
8007-80-5,Cassia  bark oil,97-53-0,Eugenol,0.1
84961-46-6,Cassia  bark oil,97-53-0,Eugenol,0.1
8007-80-5,Cassia bark oleoresin,97-53-0,Eugenol,0.02
84961-46-6,Cassia bark oleoresin,97-53-0,Eugenol,0.02
8007-80-5,Cassia oil,97-53-0,Eugenol,0.1
84961-46-6,Cassia oil,97-53-0,Eugenol,0.1
8023-82-3,Cassie absolute,97-53-0,Eugenol,0.06
89958-31-6,Cassie absolute,97-53-0,Eugenol,0.06
8006-76-6,Champaca absolute,97-53-0,Eugenol,0.55
92457-18-6,Champaca absolute,97-53-0,Eugenol,0.55
8015-91-6,Cinnamon bark CO2 extract,97-53-0,Eugenol,2.5
84649-98-9,Cinnamon bark CO2 extract,97-53-0,Eugenol,2.5
8015-91-6,Cinnamon bark oil,97-53-0,Eugenol,2.0
84649-98-9,Cinnamon bark oil,97-53-0,Eugenol,2.0
8015-91-6,Cinnamon leaf oil,97-53-0,Eugenol,74.0
84649-98-9,Cinnamon leaf oil,97-53-0,Eugenol,74.0
8016-26-0,Cistus absolute,97-53-0,Eugenol,0.06
89997-74-0,Cistus absolute,97-53-0,Eugenol,0.06
8016-26-0,Cistus oil,97-53-0,Eugenol,0.4
89997-74-0,Cistus oil,97-53-0,Eugenol,0.4
68991-25-3,Citron oil,97-53-0,Eugenol,0.01
8000-29-1,"Citronella oil, Ceylon type",97-53-0,Eugenol,0.2
89998-15-2,"Citronella oil, Ceylon type",97-53-0,Eugenol,0.2
8000-29-1,"Citronella oil, Java type",97-53-0,Eugenol,0.9
91771-61-8,"Citronella oil, Java type",97-53-0,Eugenol,0.9
616-772-2,Clove bud absolute,97-53-0,Eugenol,69.08
84961-50-2,Clove bud absolute,97-53-0,Eugenol,69.08
8000-34-8,Clove bud oil,97-53-0,Eugenol,82.0
84961-50-2,Clove bud oil,97-53-0,Eugenol,82.0
8000-34-8,Clove bud oil terpenes,97-53-0,Eugenol,27.0
84961-50-2,Clove bud oil terpenes,97-53-0,Eugenol,27.0
8000-34-8,Clove leaf oil,97-53-0,Eugenol,85.3
84961-50-2,Clove leaf oil,97-53-0,Eugenol,85.3
68917-29-3,Clove leaf oil terpenes,97-53-0,Eugenol,0.77
84961-50-2,Clove leaf oil terpenes,97-53-0,Eugenol,0.77
8000-34-8,Clove stem oil,97-53-0,Eugenol,88.0
84961-50-2,Clove stem oil,97-53-0,Eugenol,88.0
85203-56-1,Eucalyptus citriodora oil,97-53-0,Eugenol,0.12
90131-21-8,Genet absolute,97-53-0,Eugenol,0.02
129316-65-0,Genet absolute,97-53-0,Eugenol,0.02
8023-94-7,Hyacinth absolute,97-53-0,Eugenol,0.2
94333-75-2,Hyacinth absolute,97-53-0,Eugenol,0.2
8022-96-6,Jasmine absolute,97-53-0,Eugenol,1.53
84776-64-7,Jasmine absolute,97-53-0,Eugenol,1.53
8022-96-6,Jasmine CO2 extract,97-53-0,Eugenol,1.0
84776-64-7,Jasmine CO2 extract,97-53-0,Eugenol,1.0
8022-96-6,Jasmine concrete,97-53-0,Eugenol,1.53
84776-64-7,Jasmine concrete,97-53-0,Eugenol,1.53
8024-43-9,Jasmine officinale absolute,97-53-0,Eugenol,2.0
90045-94-6,Jasmine officinale absolute,97-53-0,Eugenol,2.0
8016-26-0,Labdanum oil,97-53-0,Eugenol,0.5
90244-89-6,Labdanum oil,97-53-0,Eugenol,0.5
89997-74-0,Labdanum oil,97-53-0,Eugenol,0.5
8007-48-5,Laurel leaf oil,97-53-0,Eugenol,1.33
8002-41-3,Laurel leaf oil,97-53-0,Eugenol,1.33
84603-73-6,Laurel leaf oil,97-53-0,Eugenol,1.33
617-009-6,Lavandin grosso absolute,97-53-0,Eugenol,0.04
93455-97-1,Lavandin grosso absolute,97-53-0,Eugenol,0.04
8007-02-1,"Lemongrass oil, East Indian",97-53-0,Eugenol,0.08
91844-92-7,"Lemongrass oil, East Indian",97-53-0,Eugenol,0.08
8007-02-1,"Lemongrass oil, West Indian",97-53-0,Eugenol,0.2
89998-14-1,"Lemongrass oil, West Indian",97-53-0,Eugenol,0.2
8007-12-3,Mace oil,97-53-0,Eugenol,0.7
84082-68-8,Mace oil,97-53-0,Eugenol,0.7
8007-12-3,Mace oleoresin,97-53-0,Eugenol,0.4
84082-68-8,Mace oleoresin,97-53-0,Eugenol,0.4
68917-15-7,Mentha citrata oil,97-53-0,Eugenol,0.01
85085-49-0,Mentha citrata oil,97-53-0,Eugenol,0.01
8031-03-6,Mimosa absolute,97-53-0,Eugenol,0.02
93685-96-2,Mimosa absolute,97-53-0,Eugenol,0.02
98903-76-5,Mimosa absolute,97-53-0,Eugenol,0.02
8008-45-5,Nutmeg oil,97-53-0,Eugenol,0.2
84082-68-8,Nutmeg oil,97-53-0,Eugenol,0.2
8008-45-5,Nutmeg oleoresin,97-53-0,Eugenol,0.1
84082-68-8,Nutmeg oleoresin,97-53-0,Eugenol,0.1
68917-09-9,Ocatea cymbarum oil,97-53-0,Eugenol,0.36
91770-39-7,Ocatea cymbarum oil,97-53-0,Eugenol,0.36
8007-11-2,Origanum oil,97-53-0,Eugenol,0.08
90131-59-2,Origanum oil,97-53-0,Eugenol,0.08
68917-05-5,Osmanthus absolute,97-53-0,Eugenol,0.07
92347-21-2,Osmanthus absolute,97-53-0,Eugenol,0.07
68917-05-5,Osmanthus concrete,97-53-0,Eugenol,0.06
92347-21-2,Osmanthus concrete,97-53-0,Eugenol,0.06
8006-77-7,Pimenta leaf oil,97-53-0,Eugenol,83.0
84929-57-7,Pimenta leaf oil,97-53-0,Eugenol,83.0
90106-38-0,Rose absolute,97-53-0,Eugenol,0.65
90106-38-0,Rose concrete,97-53-0,Eugenol,1.0
8007-01-0,Rose oil,97-53-0,Eugenol,1.14
90106-38-0,Rose oil,97-53-0,Eugenol,1.14
8006-80-2,Sassafras bark oil,97-53-0,Eugenol,0.36
84787-72-4,Sassafras bark oil,97-53-0,Eugenol,0.36
8016-69-1,Snakeroot oil,97-53-0,Eugenol,1.0
89957-73-3,Snakeroot oil,97-53-0,Eugenol,1.0
8016-88-4,Tarragon oil,97-53-0,Eugenol,0.6
90131-45-6,Tarragon oil,97-53-0,Eugenol,0.6
8007-46-3,Thyme absolute,97-53-0,Eugenol,0.12
84929-51-1,Thyme absolute,97-53-0,Eugenol,0.12
8007-46-3,"Thyme oil, red",97-53-0,Eugenol,0.12
84929-51-1,"Thyme oil, red",97-53-0,Eugenol,0.12
8007-46-3,"Thyme oil, white",97-53-0,Eugenol,0.1
84929-51-1,"Thyme oil, white",97-53-0,Eugenol,0.1
8024-05-3,Tuberose absolute,97-53-0,Eugenol,0.5
94334-35-7,Tuberose absolute,97-53-0,Eugenol,0.5
8024-05-3,Tuberose concrete,97-53-0,Eugenol,0.48
94334-35-7,Tuberose concrete,97-53-0,Eugenol,0.48
8024-37-1,Turmeric oil,97-53-0,Eugenol,1.0
84775-52-0,Turmeric oil,97-53-0,Eugenol,1.0
8024-12-2,Verbena absolute,97-53-0,Eugenol,0.55
85116-63-8,Verbena absolute,97-53-0,Eugenol,0.55
8006-81-3,Ylang ylang oil I,97-53-0,Eugenol,0.58
83863-30-3,Ylang ylang oil I,97-53-0,Eugenol,0.58
8006-81-3,Ylang ylang oil II,97-53-0,Eugenol,0.69
83863-30-3,Ylang ylang oil II,97-53-0,Eugenol,0.69
8006-81-3,Ylang ylang oil III,97-53-0,Eugenol,0.45
83863-30-3,Ylang ylang oil III,97-53-0,Eugenol,0.45
8006-81-3,"Ylang, Ylang oil complete",97-53-0,Eugenol,0.31
83863-30-3,"Ylang, Ylang oil complete",97-53-0,Eugenol,0.31
8006-81-3,"Ylang, Ylang oil extra",97-53-0,Eugenol,0.34
83863-30-3,"Ylang, Ylang oil extra",97-53-0,Eugenol,0.34
8015-62-1,Ambrette seed absolute,19317-11-4,Farnesal,0.5
84455-19-6,Ambrette seed absolute,19317-11-4,Farnesal,0.5
8015-62-1,Ambrette seed oil,19317-11-4,Farnesal,0.2
84455-19-6,Ambrette seed oil,19317-11-4,Farnesal,0.2
8000-29-1,"Citronella oil, Ceylon type",19317-11-4,Farnesal,0.01
89998-15-2,"Citronella oil, Ceylon type",19317-11-4,Farnesal,0.01
8000-29-1,"Citronella oil, Java type",19317-11-4,Farnesal,0.01
91771-61-8,"Citronella oil, Java type",19317-11-4,Farnesal,0.01
8007-08-7,Ginger oil,19317-11-4,Farnesal,0.2
84696-15-1,Ginger oil,19317-11-4,Farnesal,0.2
8015-62-1,Ambrette seed absolute,4602-84-0,Farnesol,5.0
84455-19-6,Ambrette seed absolute,4602-84-0,Farnesol,5.0
8015-62-1,Ambrette seed oil,4602-84-0,Farnesol,3.0
84455-19-6,Ambrette seed oil,4602-84-0,Farnesol,3.0
8015-62-1,Ambrette tincture,4602-84-0,Farnesol,0.2
84455-19-6,Ambrette tincture,4602-84-0,Farnesol,0.2
8057-65-6,Arnica absolute,4602-84-0,Farnesol,1.2
68990-11-4,Arnica absolute,4602-84-0,Farnesol,1.2
8057-65-6,"Arnica oils, montana",4602-84-0,Farnesol,5.0
68990-11-4,"Arnica oils, montana",4602-84-0,Farnesol,5.0
68991-21-9,Baccharis dracunculifolia oil,4602-84-0,Farnesol,0.2
94406-01-6,Baccharis dracunculifolia oil,4602-84-0,Farnesol,0.2
68188-03-4,Cabreuva oil,4602-84-0,Farnesol,0.1
91722-93-9,Cabreuva oil,4602-84-0,Farnesol,0.1
91722-94-0,Cabreuva oil,4602-84-0,Farnesol,0.1
8015-79-0,Calamus oil,4602-84-0,Farnesol,0.5
84775-39-3,Calamus oil,4602-84-0,Farnesol,0.5
68606-83-7,Cananga oil,4602-84-0,Farnesol,2.0
93686-30-7,Cananga oil,4602-84-0,Farnesol,2.0
8015-88-1,Carrot seed oil,4602-84-0,Farnesol,2.18
84929-61-3,Carrot seed oil,4602-84-0,Farnesol,2.18
97659-68-2,"Cinnamon bark oil, Laos",4602-84-0,Farnesol,0.01
8015-91-6,Cinnamon leaf oil,4602-84-0,Farnesol,0.12
84649-98-9,Cinnamon leaf oil,4602-84-0,Farnesol,0.12
68991-25-3,Citron oil,4602-84-0,Farnesol,0.01
8016-38-4,Orange blossoms absolute,4602-84-0,Farnesol,3.72
72968-50-4,Orange blossoms absolute,4602-84-0,Farnesol,3.72
8030-28-2,Orange flower water absolute,4602-84-0,Farnesol,1.08
72968-50-4,Orange flower water absolute,4602-84-0,Farnesol,1.08
8030-28-2,"Orange flower, bitter, CO2 extract",4602-84-0,Farnesol,6.5
72968-50-4,"Orange flower, bitter, concrete",4602-84-0,Farnesol,1.95
8014-19-5,Palmarosa oil,4602-84-0,Farnesol,1.0
91722-54-2,Palmarosa oil,4602-84-0,Farnesol,1.0
84649-81-0,Palmarosa oil,4602-84-0,Farnesol,1.0
8030-28-2,Petitgrain bigarade absolute,4602-84-0,Farnesol,0.11
72968-50-4,Petitgrain bigarade absolute,4602-84-0,Farnesol,0.11
90106-38-0,Rose absolute,4602-84-0,Farnesol,0.32
68917-52-2,Schinus molle oil,4602-84-0,Farnesol,0.03
94334-31-3,Schinus molle oil,4602-84-0,Farnesol,0.03
8007-46-3,Thyme absolute,4602-84-0,Farnesol,0.02
84929-51-1,Thyme absolute,4602-84-0,Farnesol,0.02
8024-05-3,Tuberose absolute,4602-84-0,Farnesol,0.3
94334-35-7,Tuberose absolute,4602-84-0,Farnesol,0.3
8024-05-3,Tuberose concrete,4602-84-0,Farnesol,0.3
94334-35-7,Tuberose concrete,4602-84-0,Farnesol,0.3
8022-07-9,Yarrow oil,4602-84-0,Farnesol,0.1
84082-83-7,Yarrow oil,4602-84-0,Farnesol,0.1
8006-81-3,"Ylang, Ylang oil complete",4602-84-0,Farnesol,1.5
83863-30-3,"Ylang, Ylang oil complete",4602-84-0,Farnesol,1.5
8006-81-3,"Ylang, Ylang oil extra",4602-84-0,Farnesol,1.36
83863-30-3,"Ylang, Ylang oil extra",4602-84-0,Farnesol,1.36
8014-71-9,Balm oil,141-27-5,Geranial,29.6
84082-61-1,Balm oil,141-27-5,Geranial,29.6
8015-73-4,"Basil oil, chemotype estragole",141-27-5,Geranial,0.07
84775-71-3,"Basil oil, chemotype estragole",141-27-5,Geranial,0.07
8006-78-8,"Bay leaf, West Indian, oil",141-27-5,Geranial,0.25
91721-75-4,"Bay leaf, West Indian, oil",141-27-5,Geranial,0.25
85085-61-6,"Bay leaf, West Indian, oil",141-27-5,Geranial,0.25
8007-75-8,Bergamot oil expressed,141-27-5,Geranial,0.28
"89957-91-5, 92704-01-3",Bergamot oil expressed,141-27-5,Geranial,0.28
8015-88-1,Carrot seed oil,141-27-5,Geranial,0.03
84929-61-3,Carrot seed oil,141-27-5,Geranial,0.03
68991-25-3,Citron oil,141-27-5,Geranial,2.63
85203-56-1,Eucalyptus citriodora oil,141-27-5,Geranial,0.05
8007-08-7,Ginger CO2 extract,141-27-5,Geranial,0.9
84696-15-1,Ginger CO2 extract,141-27-5,Geranial,0.9
8016-20-4,Grapefruit essence oil,141-27-5,Geranial,0.06
90045-43-5,Grapefruit essence oil,141-27-5,Geranial,0.06
8016-20-4,Grapefruit oil,141-27-5,Geranial,0.06
90045-43-5,Grapefruit oil,141-27-5,Geranial,0.06
8008-56-8,Lemon oil steam distilled,141-27-5,Geranial,1.36
84929-31-7,Lemon oil steam distilled,141-27-5,Geranial,1.36
8007-02-1,"Lemongrass oil, East Indian",141-27-5,Geranial,41.42
91844-92-7,"Lemongrass oil, East Indian",141-27-5,Geranial,41.42
8008-26-2,Lime oil distilled,141-27-5,Geranial,0.32
90063-52-8,Lime oil distilled,141-27-5,Geranial,0.32
8008-26-2,"Lime oil, expressed",141-27-5,Geranial,2.6
"90063-52-8, 93685-55-3","Lime oil, expressed",141-27-5,Geranial,2.6
8016-33-9,"Marjoram oil, Spanish",141-27-5,Geranial,0.1
"84837-14-9, 91722-83-7","Marjoram oil, Spanish",141-27-5,Geranial,0.1
8016-38-4,"Orange flower oil, bitter (neroli and neroli bigarade)",141-27-5,Geranial,0.1
72968-50-4,"Orange flower oil, bitter (neroli and neroli bigarade)",141-27-5,Geranial,0.1
8030-28-2,Orange flower water absolute,141-27-5,Geranial,0.02
72968-50-4,Orange flower water absolute,141-27-5,Geranial,0.02
68916-04-1,"Orange oil, bitter",141-27-5,Geranial,0.05
72968-50-4,"Orange oil, bitter",141-27-5,Geranial,0.05
8008-26-2,"Persian lime oil, expressed",141-27-5,Geranial,2.45
90063-52-8,"Persian lime oil, expressed",141-27-5,Geranial,2.45
8014-17-3,"Petitgrain oil, Paraguay",141-27-5,Geranial,0.18
72968-50-4,"Petitgrain oil, Paraguay",141-27-5,Geranial,0.18
90106-38-0,Rose absolute,141-27-5,Geranial,0.07
8007-01-0,Rose oil,141-27-5,Geranial,1.06
90106-38-0,Rose oil,141-27-5,Geranial,1.06
68608-38-8,Tangerine oil terpenes,141-27-5,Geranial,0.02
93686-22-7,Tangerine oil terpenes,141-27-5,Geranial,0.02
8007-46-3,"Thyme oil, red",141-27-5,Geranial,0.1
84929-51-1,"Thyme oil, red",141-27-5,Geranial,0.1
68991-20-8,Armoise vulgaris oil,106-24-1,Geraniol,1.0
84775-45-1,Armoise vulgaris oil,106-24-1,Geraniol,1.0
8022-37-5,Armoise vulgaris oil,106-24-1,Geraniol,1.0
8014-71-9,Balm oil,106-24-1,Geraniol,3.79
84082-61-1,Balm oil,106-24-1,Geraniol,3.79
8015-73-4,"Basil oil, chemotype linalool",106-24-1,Geraniol,0.2
84775-71-3,"Basil oil, chemotype linalool",106-24-1,Geraniol,0.2
8007-75-8,Bergamot oil expressed,106-24-1,Geraniol,0.04
"89957-91-5, 92704-01-3",Bergamot oil expressed,106-24-1,Geraniol,0.04
8008-98-8,Cajuput oil,106-24-1,Geraniol,0.2
85480-37-1,Cajuput oil,106-24-1,Geraniol,0.2
68606-83-7,Cananga oil,106-24-1,Geraniol,0.7
93686-30-7,Cananga oil,106-24-1,Geraniol,0.7
96507-91-4,Cardamom seed absolute,106-24-1,Geraniol,0.83
85940-32-5,Cardamom seed absolute,106-24-1,Geraniol,0.83
96507-91-4,Cardamom seed CO2 extract,106-24-1,Geraniol,0.8
85940-32-5,Cardamom seed CO2 extract,106-24-1,Geraniol,0.8
8000-66-6,Cardamom seed oil,106-24-1,Geraniol,1.0
85940-32-5,Cardamom seed oil,106-24-1,Geraniol,1.0
96507-91-4,Cardamom seed oil,106-24-1,Geraniol,1.0
8015-88-1,Carrot seed oil,106-24-1,Geraniol,1.43
84929-61-3,Carrot seed oil,106-24-1,Geraniol,1.43
8023-82-3,Cassie absolute,106-24-1,Geraniol,1.0
89958-31-6,Cassie absolute,106-24-1,Geraniol,1.0
8016-26-0,Cistus absolute,106-24-1,Geraniol,0.01
89997-74-0,Cistus absolute,106-24-1,Geraniol,0.01
68991-25-3,Citron oil,106-24-1,Geraniol,0.71
8000-29-1,"Citronella oil, Ceylon type",106-24-1,Geraniol,17.7
89998-15-2,"Citronella oil, Ceylon type",106-24-1,Geraniol,17.7
8000-29-1,"Citronella oil, Java type",106-24-1,Geraniol,22.0
91771-61-8,"Citronella oil, Java type",106-24-1,Geraniol,22.0
91771-50-5,Citrus hystrix extract,106-24-1,Geraniol,0.7
8016-63-5,Clary sage absolute,106-24-1,Geraniol,0.19
84775-83-7,Clary sage absolute,106-24-1,Geraniol,0.19
8016-63-5,Clary sage concrete,106-24-1,Geraniol,0.2
84775-83-7,Clary sage concrete,106-24-1,Geraniol,0.2
8016-63-5,Clary sage oil,106-24-1,Geraniol,1.2
84775-83-7,Clary sage oil,106-24-1,Geraniol,1.2
8000-34-8,Clove bud oil terpenes,106-24-1,Geraniol,0.05
84961-50-2,Clove bud oil terpenes,106-24-1,Geraniol,0.05
8008-52-4,Coriander herb oil,106-24-1,Geraniol,0.8
84775-50-8,Coriander herb oil,106-24-1,Geraniol,0.8
8008-52-4,Coriander seed oil,106-24-1,Geraniol,1.6
84775-50-8,Coriander seed oil,106-24-1,Geraniol,1.6
85203-56-1,Eucalyptus citriodora oil,106-24-1,Geraniol,0.11
8000-48-4,Eucalyptus dives oil,106-24-1,Geraniol,0.13
90028-48-1,Eucalyptus dives oil,106-24-1,Geraniol,0.13
92201-64-4,Eucalyptus radiata oil,106-24-1,Geraniol,0.16
8021-29-2,"Fir needle oil, Siberian",106-24-1,Geraniol,0.03
91697-89-1,"Fir needle oil, Siberian",106-24-1,Geraniol,0.03
90131-21-8,Genet absolute,106-24-1,Geraniol,0.13
129316-65-0,Genet absolute,106-24-1,Geraniol,0.13
8000-46-2,Geranium absolute,106-24-1,Geraniol,9.0
90082-51-2,Geranium absolute,106-24-1,Geraniol,9.0
68916-42-7,Geranium absolute,106-24-1,Geraniol,9.0
8000-46-2,Geranium oil,106-24-1,Geraniol,17.7
90082-51-2,Geranium oil,106-24-1,Geraniol,17.7
8000-46-2,Geranium oil African,106-24-1,Geraniol,17.0
90082-52-3,Geranium oil African,106-24-1,Geraniol,17.0
8007-08-7,Ginger CO2 extract,106-24-1,Geraniol,0.27
84696-15-1,Ginger CO2 extract,106-24-1,Geraniol,0.27
8007-08-7,Ginger oil,106-24-1,Geraniol,0.5
84696-15-1,Ginger oil,106-24-1,Geraniol,0.5
8007-08-7,Ginger oleoresin,106-24-1,Geraniol,0.1
84696-15-1,Ginger oleoresin,106-24-1,Geraniol,0.1
8023-92-5,Gingergrass oil,106-24-1,Geraniol,0.04
92704-07-9,Gingergrass oil,106-24-1,Geraniol,0.04
68916-46-1,"Grapefruit oil, terpeneless",106-24-1,Geraniol,0.1
90045-43-5,"Grapefruit oil, terpeneless",106-24-1,Geraniol,0.1
8023-95-8,Helichrysum absolute,106-24-1,Geraniol,0.03
90045-56-0,Helichrysum absolute,106-24-1,Geraniol,0.03
85665-35-6,Helichrysum absolute,106-24-1,Geraniol,0.03
8023-95-8,Helichrysum oil,106-24-1,Geraniol,0.05
90045-56-0,Helichrysum oil,106-24-1,Geraniol,0.05
85665-35-6,Helichrysum oil,106-24-1,Geraniol,0.05
8022-91-1,Ho bark oil,106-24-1,Geraniol,0.03
91745-89-0,Ho bark oil,106-24-1,Geraniol,0.03
8022-91-1,Ho Leaf oil,106-24-1,Geraniol,0.4
91745-89-0,Ho Leaf oil,106-24-1,Geraniol,0.4
8007-04-3,Hop oil,106-24-1,Geraniol,0.2
8060-28-4,Hop oil,106-24-1,Geraniol,0.2
8023-94-7,Hyacinth absolute,106-24-1,Geraniol,0.03
94333-75-2,Hyacinth absolute,106-24-1,Geraniol,0.03
8022-96-6,Jasmine grandiflorum absolute,106-24-1,Geraniol,0.02
84776-64-7,Jasmine grandiflorum absolute,106-24-1,Geraniol,0.02
8024-43-9,Jasmine officinale absolute,106-24-1,Geraniol,0.1
90045-94-6,Jasmine officinale absolute,106-24-1,Geraniol,0.1
8002-68-4,Juniper berry oil,106-24-1,Geraniol,0.1
84603-69-0,Juniper berry oil,106-24-1,Geraniol,0.1
938464-05-2,"Kumquat oil, Fortunella margarita",106-24-1,Geraniol,0.2
8016-26-0,Labdanum oil,106-24-1,Geraniol,0.12
90244-89-6,Labdanum oil,106-24-1,Geraniol,0.12
89997-74-0,Labdanum oil,106-24-1,Geraniol,0.12
8007-48-5,Laurel leaf oil,106-24-1,Geraniol,0.05
8002-41-3,Laurel leaf oil,106-24-1,Geraniol,0.05
84603-73-6,Laurel leaf oil,106-24-1,Geraniol,0.05
8022-15-9,Lavandin abrialis oil,106-24-1,Geraniol,0.3
93455-96-0,Lavandin abrialis oil,106-24-1,Geraniol,0.3
8022-15-9,Lavandin absolute,106-24-1,Geraniol,0.08
91722-69-9,Lavandin absolute,106-24-1,Geraniol,0.08
617-009-6,Lavandin grosso absolute,106-24-1,Geraniol,0.2
93455-97-1,Lavandin grosso absolute,106-24-1,Geraniol,0.2
8022-15-9,Lavandin oil,106-24-1,Geraniol,0.2
91722-69-9,Lavandin oil,106-24-1,Geraniol,0.2
93685-88-2,Lavandin super oil,106-24-1,Geraniol,0.5
8000-28-0,Lavender concrete,106-24-1,Geraniol,0.1
84776-65-8,Lavender concrete,106-24-1,Geraniol,0.1
90063-37-9,Lavender concrete,106-24-1,Geraniol,0.1
8000-28-0,Lavender oil,106-24-1,Geraniol,0.48
84776-65-8,Lavender oil,106-24-1,Geraniol,0.48
90063-37-9,Lavender oil,106-24-1,Geraniol,0.48
97722-12-8,Lavender oil,106-24-1,Geraniol,0.48
93165-50-5,Lavender oil dentata,106-24-1,Geraniol,0.0
8008-56-8,Lemon essence oil,106-24-1,Geraniol,0.09
84929-31-7,Lemon essence oil,106-24-1,Geraniol,0.09
8008-56-8,Lemon oil steam distilled,106-24-1,Geraniol,0.07
84929-31-7,Lemon oil steam distilled,106-24-1,Geraniol,0.07
8008-56-8,"Lemon oil, expressed",106-24-1,Geraniol,0.1
84929-31-7,"Lemon oil, expressed",106-24-1,Geraniol,0.1
68648-39-5,"Lemon oil, terpeneless",106-24-1,Geraniol,2.0
84929-31-7,"Lemon oil, terpeneless",106-24-1,Geraniol,2.0
8007-02-1,"Lemongrass oil, East Indian",106-24-1,Geraniol,5.25
91844-92-7,"Lemongrass oil, East Indian",106-24-1,Geraniol,5.25
8007-02-1,"Lemongrass oil, West Indian",106-24-1,Geraniol,2.3
89998-14-1,"Lemongrass oil, West Indian",106-24-1,Geraniol,2.3
8008-26-2,Lime oil distilled,106-24-1,Geraniol,0.02
90063-52-8,Lime oil distilled,106-24-1,Geraniol,0.02
8008-26-2,"Lime oil, expressed",106-24-1,Geraniol,0.15
"90063-52-8, 93685-55-3","Lime oil, expressed",106-24-1,Geraniol,0.15
8006-86-8,Linaloe wood oil,106-24-1,Geraniol,1.0
92874-96-9,Linaloe wood oil,106-24-1,Geraniol,1.0
68855-99-2,Litsea cubeba oil,106-24-1,Geraniol,1.1
90063-59-5,Litsea cubeba oil,106-24-1,Geraniol,1.1
8016-31-7,Lovage root oil,106-24-1,Geraniol,0.92
84837-06-9,Lovage root oil,106-24-1,Geraniol,0.92
8016-33-9,"Marjoram oil, Spanish",106-24-1,Geraniol,0.13
91722-83-7,"Marjoram oil, Spanish",106-24-1,Geraniol,0.13
84837-14-9,"Marjoram oil, Spanish",106-24-1,Geraniol,0.13
8015-01-8,"Marjoram oil, sweet",106-24-1,Geraniol,0.3
84082-58-6,"Marjoram oil, sweet",106-24-1,Geraniol,0.3
84082-58-6,Marjoram oleoresin,106-24-1,Geraniol,0.1
68991-39-9,Mastic oil,106-24-1,Geraniol,0.05
61789-92-2,Mastic oil,106-24-1,Geraniol,0.05
90082-82-9,Mastic oil,106-24-1,Geraniol,0.05
68917-15-7,Mentha citrata oil,106-24-1,Geraniol,1.17
85085-49-0,Mentha citrata oil,106-24-1,Geraniol,1.17
8008-46-6,Myrtle oil,106-24-1,Geraniol,0.4
84083-67-7,Myrtle oil,106-24-1,Geraniol,0.4
8016-38-4,Orange blossoms absolute,106-24-1,Geraniol,0.49
72968-50-4,Orange blossoms absolute,106-24-1,Geraniol,0.49
8016-38-4,"Orange flower oil, bitter (neroli and neroli bigarade)",106-24-1,Geraniol,2.66
72968-50-4,"Orange flower oil, bitter (neroli and neroli bigarade)",106-24-1,Geraniol,2.66
8030-28-2,Orange flower water absolute,106-24-1,Geraniol,8.84
72968-50-4,Orange flower water absolute,106-24-1,Geraniol,8.84
8030-28-2,"Orange flower, bitter, CO2 extract",106-24-1,Geraniol,0.45
72968-50-4,"Orange flower, bitter, concrete",106-24-1,Geraniol,0.23
68916-04-1,"Orange oil, bitter",106-24-1,Geraniol,0.02
72968-50-4,"Orange oil, bitter",106-24-1,Geraniol,0.02
68917-05-5,Osmanthus absolute,106-24-1,Geraniol,1.2
92347-21-2,Osmanthus absolute,106-24-1,Geraniol,1.2
68917-05-5,Osmanthus concrete,106-24-1,Geraniol,1.2
92347-21-2,Osmanthus concrete,106-24-1,Geraniol,1.2
8014-19-5,Palmarosa oil,106-24-1,Geraniol,82.4
91722-54-2,Palmarosa oil,106-24-1,Geraniol,82.4
84649-81-0,Palmarosa oil,106-24-1,Geraniol,82.4
8008-26-2,"Persian lime oil, expressed",106-24-1,Geraniol,0.12
90063-52-8,"Persian lime oil, expressed",106-24-1,Geraniol,0.12
8030-28-2,Petitgrain bigarade absolute,106-24-1,Geraniol,0.85
72968-50-4,Petitgrain bigarade absolute,106-24-1,Geraniol,0.85
8014-17-3,Petitgrain bigarade oil,106-24-1,Geraniol,2.4
72968-50-4,Petitgrain bigarade oil,106-24-1,Geraniol,2.4
8048-51-9,Petitgrain lemon oil,106-24-1,Geraniol,2.0
84929-31-7,Petitgrain lemon oil,106-24-1,Geraniol,2.0
8014-17-3,"Petitgrain oil, Paraguay",106-24-1,Geraniol,2.77
72968-50-4,"Petitgrain oil, Paraguay",106-24-1,Geraniol,2.77
90106-38-0,Rose absolute,106-24-1,Geraniol,1.64
90106-38-0,Rose concrete,106-24-1,Geraniol,2.7
8007-01-0,Rose oil,106-24-1,Geraniol,17.7
90106-38-0,Rose oil,106-24-1,Geraniol,17.7
8007-01-0,Rose water stronger,106-24-1,Geraniol,0.5
84604-12-6,Rose water stronger,106-24-1,Geraniol,0.5
8015-77-8,Rosewood oil,106-24-1,Geraniol,0.8
83863-32-5,Rosewood oil,106-24-1,Geraniol,0.8
93685-34-8,Rosewood oil,106-24-1,Geraniol,0.8
8022-56-8,"Sage oil, Spanish",106-24-1,Geraniol,0.3
90106-49-3,"Sage oil, Spanish",106-24-1,Geraniol,0.3
97952-71-1,"Sage oil, Spanish",106-24-1,Geraniol,0.3
68917-52-2,Schinus molle oil,106-24-1,Geraniol,0.1
94334-31-3,Schinus molle oil,106-24-1,Geraniol,0.1
8016-69-1,Snakeroot oil,106-24-1,Geraniol,1.0
89957-73-3,Snakeroot oil,106-24-1,Geraniol,1.0
8016-78-2,Spike lavender oil,106-24-1,Geraniol,0.2
84837-04-7,Spike lavender oil,106-24-1,Geraniol,0.2
8007-46-3,Thyme absolute,106-24-1,Geraniol,0.03
84929-51-1,Thyme absolute,106-24-1,Geraniol,0.03
8007-46-3,"Thyme oil, red",106-24-1,Geraniol,0.06
84929-51-1,"Thyme oil, red",106-24-1,Geraniol,0.06
8007-46-3,"Thyme oil, white",106-24-1,Geraniol,0.1
84929-51-1,"Thyme oil, white",106-24-1,Geraniol,0.1
8024-05-3,Tuberose absolute,106-24-1,Geraniol,0.1
94334-35-7,Tuberose absolute,106-24-1,Geraniol,0.1
8024-05-3,Tuberose concrete,106-24-1,Geraniol,0.1
94334-35-7,Tuberose concrete,106-24-1,Geraniol,0.1
8024-12-2,Verbena absolute,106-24-1,Geraniol,4.1
85116-63-8,Verbena absolute,106-24-1,Geraniol,4.1
8008-93-3,Wormwood oil,106-24-1,Geraniol,0.1
84929-19-1,Wormwood oil,106-24-1,Geraniol,0.1
8006-81-3,Ylang ylang oil I,106-24-1,Geraniol,1.38
83863-30-3,Ylang ylang oil I,106-24-1,Geraniol,1.38
8006-81-3,Ylang ylang oil II,106-24-1,Geraniol,1.43
83863-30-3,Ylang ylang oil II,106-24-1,Geraniol,1.43
8006-81-3,Ylang ylang oil III,106-24-1,Geraniol,0.32
83863-30-3,Ylang ylang oil III,106-24-1,Geraniol,0.32
8006-81-3,"Ylang, Ylang oil complete",106-24-1,Geraniol,0.67
83863-30-3,"Ylang, Ylang oil complete",106-24-1,Geraniol,0.67
8006-81-3,"Ylang, Ylang oil extra",106-24-1,Geraniol,0.64
83863-30-3,"Ylang, Ylang oil extra",106-24-1,Geraniol,0.64
917-841-2,"Erospicata oil, Mentha spicata 'Erospicata'",6728-26-3,Hexen-2-al,0.07
84696-51-5,"Erospicata oil, Mentha spicata 'Erospicata'",6728-26-3,Hexen-2-al,0.07
8006-83-5,Hyssop oil,6728-26-3,Hexen-2-al,0.2
84603-66-7,Hyssop oil,6728-26-3,Hexen-2-al,0.2
8008-79-5,Spearmint oil,6728-26-3,Hexen-2-al,0.02
84696-51-5,Spearmint oil,6728-26-3,Hexen-2-al,0.02
8007-80-5,Cassia  bark oil,97-54-1,Isoeugenol,0.1
84961-46-6,Cassia  bark oil,97-54-1,Isoeugenol,0.1
8007-80-5,Cassia oil,97-54-1,Isoeugenol,0.1
84961-46-6,Cassia oil,97-54-1,Isoeugenol,0.1
8006-76-6,Champaca absolute,97-54-1,Isoeugenol,0.03
92457-18-6,Champaca absolute,97-54-1,Isoeugenol,0.03
8015-91-6,Cinnamon bark CO2 extract,97-54-1,Isoeugenol,0.05
84649-98-9,Cinnamon bark CO2 extract,97-54-1,Isoeugenol,0.05
8015-91-6,Cinnamon bark oil,97-54-1,Isoeugenol,0.02
84649-98-9,Cinnamon bark oil,97-54-1,Isoeugenol,0.02
8015-91-6,Cinnamon leaf oil,97-54-1,Isoeugenol,0.13
84649-98-9,Cinnamon leaf oil,97-54-1,Isoeugenol,0.13
616-772-2,Clove bud absolute,97-54-1,Isoeugenol,0.01
84961-50-2,Clove bud absolute,97-54-1,Isoeugenol,0.01
8000-34-8,Clove leaf oil,97-54-1,Isoeugenol,0.1
84961-50-2,Clove leaf oil,97-54-1,Isoeugenol,0.1
8022-96-6,Jasmine grandiflorum absolute,97-54-1,Isoeugenol,0.12
84776-64-7,Jasmine grandiflorum absolute,97-54-1,Isoeugenol,0.12
8024-43-9,Jasmine officinale absolute,97-54-1,Isoeugenol,0.1
90045-94-6,Jasmine officinale absolute,97-54-1,Isoeugenol,0.1
8007-02-1,"Lemongrass oil, East Indian",97-54-1,Isoeugenol,0.47
91844-92-7,"Lemongrass oil, East Indian",97-54-1,Isoeugenol,0.47
8007-02-1,"Lemongrass oil, West Indian",97-54-1,Isoeugenol,0.5
89998-14-1,"Lemongrass oil, West Indian",97-54-1,Isoeugenol,0.5
8016-31-7,Lovage root oil,97-54-1,Isoeugenol,0.06
84837-06-9,Lovage root oil,97-54-1,Isoeugenol,0.06
8008-45-5,Nutmeg oil,97-54-1,Isoeugenol,0.5
84082-68-8,Nutmeg oil,97-54-1,Isoeugenol,0.5
8024-05-3,Tuberose absolute,97-54-1,Isoeugenol,1.5
94334-35-7,Tuberose absolute,97-54-1,Isoeugenol,1.5
8024-05-3,Tuberose concrete,97-54-1,Isoeugenol,1.5
94334-35-7,Tuberose concrete,97-54-1,Isoeugenol,1.5
8006-81-3,Ylang ylang oil I,97-54-1,Isoeugenol,0.51
83863-30-3,Ylang ylang oil I,97-54-1,Isoeugenol,0.51
8006-81-3,Ylang ylang oil II,97-54-1,Isoeugenol,0.24
83863-30-3,Ylang ylang oil II,97-54-1,Isoeugenol,0.24
8006-81-3,Ylang ylang oil III,97-54-1,Isoeugenol,0.54
83863-30-3,Ylang ylang oil III,97-54-1,Isoeugenol,0.54
8006-81-3,"Ylang, Ylang oil complete",97-54-1,Isoeugenol,0.52
83863-30-3,"Ylang, Ylang oil complete",97-54-1,Isoeugenol,0.52
8006-81-3,"Ylang, Ylang oil extra",97-54-1,Isoeugenol,0.99
83863-30-3,"Ylang, Ylang oil extra",97-54-1,Isoeugenol,0.99
616-772-2,Clove bud absolute,93-29-8,Isoeugenyl acetate,0.01
84961-50-2,Clove bud absolute,93-29-8,Isoeugenyl acetate,0.01
8016-23-7,Guaiac wood oil,93-29-8,Isoeugenyl acetate,0.12
89958-10-1,Guaiac wood oil,93-29-8,Isoeugenyl acetate,0.12
8006-81-3,Ylang ylang oil I,93-29-8,Isoeugenyl acetate,0.07
83863-30-3,Ylang ylang oil I,93-29-8,Isoeugenyl acetate,0.07
8006-81-3,Ylang ylang oil II,93-29-8,Isoeugenyl acetate,0.05
83863-30-3,Ylang ylang oil II,93-29-8,Isoeugenyl acetate,0.05
8006-81-3,Ylang ylang oil III,93-29-8,Isoeugenyl acetate,0.03
83863-30-3,Ylang ylang oil III,93-29-8,Isoeugenyl acetate,0.03
8006-81-3,"Ylang, Ylang oil complete",93-29-8,Isoeugenyl acetate,0.12
83863-30-3,"Ylang, Ylang oil complete",93-29-8,Isoeugenyl acetate,0.12
8006-81-3,"Ylang, Ylang oil extra",93-29-8,Isoeugenyl acetate,0.12
83863-30-3,"Ylang, Ylang oil extra",93-29-8,Isoeugenyl acetate,0.12
8016-26-0,Cistus oil,78-59-1,Isophorone,0.2
89997-74-0,Cistus oil,78-59-1,Isophorone,0.2
8015-73-4,"Basil oil, chemotype estragole",6485-40-1,l-Carvone,0.49
84775-71-3,"Basil oil, chemotype estragole",6485-40-1,l-Carvone,0.49
8015-88-1,Carrot seed oil,6485-40-1,l-Carvone,0.05
84929-61-3,Carrot seed oil,6485-40-1,l-Carvone,0.05
8016-26-0,Cistus oil,6485-40-1,l-Carvone,0.6
89997-74-0,Cistus oil,6485-40-1,l-Carvone,0.6
917-841-2,"Erospicata oil, Mentha spicata 'Erospicata'",6485-40-1,l-Carvone,67.0
84696-51-5,"Erospicata oil, Mentha spicata 'Erospicata'",6485-40-1,l-Carvone,67.0
93165-50-5,Lavender oil dentata,6485-40-1,l-Carvone,0.3
8016-31-7,Lovage root oil,6485-40-1,l-Carvone,0.02
84837-06-9,Lovage root oil,6485-40-1,l-Carvone,0.02
68917-18-0,Mentha arvensis oil,6485-40-1,l-Carvone,0.25
90063-97-1,Mentha arvensis oil,6485-40-1,l-Carvone,0.25
91722-84-8,Mentha arvensis oil,6485-40-1,l-Carvone,0.25
8008-46-6,Myrtle oil,6485-40-1,l-Carvone,0.2
84083-67-7,Myrtle oil,6485-40-1,l-Carvone,0.2
8000-68-8,Parsley herb oil,6485-40-1,l-Carvone,0.2
84012-33-9,Parsley herb oil,6485-40-1,l-Carvone,0.2
8008-79-5,Spearmint oil,6485-40-1,l-Carvone,66.07
84696-51-5,Spearmint oil,6485-40-1,l-Carvone,66.07
8007-46-3,Thyme absolute,6485-40-1,l-Carvone,0.05
84929-51-1,Thyme absolute,6485-40-1,l-Carvone,0.05
8022-07-9,Yarrow oil,6485-40-1,l-Carvone,0.2
84082-83-7,Yarrow oil,6485-40-1,l-Carvone,0.2
8000-46-2,Geranium absolute,7540-51-4,l-Citronellol,10.6
90082-51-2,Geranium absolute,7540-51-4,l-Citronellol,10.6
68916-42-7,Geranium absolute,7540-51-4,l-Citronellol,10.6
8000-46-2,Geranium oil,7540-51-4,l-Citronellol,21.1
90082-51-2,Geranium oil,7540-51-4,l-Citronellol,21.1
8000-46-2,Geranium oil African,7540-51-4,l-Citronellol,33.0
90082-52-3,Geranium oil African,7540-51-4,l-Citronellol,33.0
8021-27-0,Abies alba cone oil,475-20-7,Longifolene,0.3
90028-76-5,Abies alba cone oil,475-20-7,Longifolene,0.3
8021-27-0,Abies alba needle oil,475-20-7,Longifolene,0.3
90028-76-5,Abies alba needle oil,475-20-7,Longifolene,0.3
8015-64-3,Angelica seed oil,475-20-7,Longifolene,0.5
84775-41-7,Angelica seed oil,475-20-7,Longifolene,0.5
8023-85-6,"Cedarwood oil, Atlas",475-20-7,Longifolene,0.6
92201-55-3,"Cedarwood oil, Atlas",475-20-7,Longifolene,0.6
68991-36-6,"Cedarwood oil, Himalaya",475-20-7,Longifolene,0.7
91771-47-0,"Cedarwood oil, Himalaya",475-20-7,Longifolene,0.7
68990-83-0,"Cedarwood oil, Texas",475-20-7,Longifolene,0.4
91722-61-1,"Cedarwood oil, Texas",475-20-7,Longifolene,0.4
85203-56-1,Eucalyptus citriodora oil,475-20-7,Longifolene,0.21
8024-15-5,"Fir needle oil, Canadian",475-20-7,Longifolene,0.22
85085-34-3,"Fir needle oil, Canadian",475-20-7,Longifolene,0.22
91745-97-0,Hinoki leaf oil,475-20-7,Longifolene,32.0
91745-97-0,Hinoki wood oil,475-20-7,Longifolene,0.7
8002-68-4,Juniper berry oil,475-20-7,Longifolene,0.1
84603-69-0,Juniper berry oil,475-20-7,Longifolene,0.1
68855-99-2,Litsea cubeba oil,475-20-7,Longifolene,0.2
90063-59-5,Litsea cubeba oil,475-20-7,Longifolene,0.2
90064-32-7,Nigella sativa oil,475-20-7,Longifolene,1.8
84775-51-9,Nigella sativa oil,475-20-7,Longifolene,1.8
8021-29-2,Pine needle oil,475-20-7,Longifolene,0.09
84012-35-1,Pine needle oil,475-20-7,Longifolene,0.09
8000-26-8,"Pine needle, dwarf, oil",475-20-7,Longifolene,0.15
90082-73-8,"Pine needle, dwarf, oil",475-20-7,Longifolene,0.15
90082-72-7,"Pine needle, dwarf, oil",475-20-7,Longifolene,0.15
8023-99-2,"Pine Scotch, oil",475-20-7,Longifolene,0.09
84012-35-1,"Pine Scotch, oil",475-20-7,Longifolene,0.09
8000-26-8,"Pine, Pinus pinaster, oil",475-20-7,Longifolene,3.71
"84929-42-0, 90082-75-0","Pine, Pinus pinaster, oil",475-20-7,Longifolene,3.71
8008-80-8,"Spruce oil, Black",475-20-7,Longifolene,0.25
91722-18-9,"Spruce oil, Black",475-20-7,Longifolene,0.25
91770-69-3,"Spruce oil, White",475-20-7,Longifolene,0.22
91722-18-8,"Spruce oil, White",475-20-7,Longifolene,0.22
9005-90-7,Turpentine gum,475-20-7,Longifolene,4.39
8006-64-2,Turpentine oil,475-20-7,Longifolene,0.12
8006-77-7,Allspice oil,93-15-2,Methyl eugenol,8.5
84929-57-7,Allspice oil,93-15-2,Methyl eugenol,8.5
8006-77-7,Allspice oleoresin,93-15-2,Methyl eugenol,5.1
84929-57-7,Allspice oleoresin,93-15-2,Methyl eugenol,5.1
8015-73-4,"Basil oil, chemotype estragole",93-15-2,Methyl eugenol,0.39
84775-71-3,"Basil oil, chemotype estragole",93-15-2,Methyl eugenol,0.39
8015-73-4,"Basil oil, chemotype linalool",93-15-2,Methyl eugenol,0.2
84775-71-3,"Basil oil, chemotype linalool",93-15-2,Methyl eugenol,0.2
8015-73-4,"Basil oleoresin, chemotype estragole",93-15-2,Methyl eugenol,0.2
84775-71-3,"Basil oleoresin, chemotype estragole",93-15-2,Methyl eugenol,0.2
8006-78-8,"Bay leaf, West Indian, oil",93-15-2,Methyl eugenol,2.0
91721-75-4,"Bay leaf, West Indian, oil",93-15-2,Methyl eugenol,2.0
85085-61-6,"Bay leaf, West Indian, oil",93-15-2,Methyl eugenol,2.0
84649-93-4,"Bucchu absolute, betulina",93-15-2,Methyl eugenol,0.02
68650-46-4,"Bucchu absolute, betulina",93-15-2,Methyl eugenol,0.02
92346-82-2,"Bucchu oil, crenulata",93-15-2,Methyl eugenol,0.19
8015-79-0,Calamus oil,93-15-2,Methyl eugenol,0.3
84775-39-3,Calamus oil,93-15-2,Methyl eugenol,0.3
68606-83-7,Cananga oil,93-15-2,Methyl eugenol,0.2
93686-30-7,Cananga oil,93-15-2,Methyl eugenol,0.2
8006-76-6,Champaca absolute,93-15-2,Methyl eugenol,0.01
92457-18-6,Champaca absolute,93-15-2,Methyl eugenol,0.01
8015-91-6,Cinnamon leaf oil,93-15-2,Methyl eugenol,0.01
84649-98-9,Cinnamon leaf oil,93-15-2,Methyl eugenol,0.01
8000-29-1,"Citronella oil, Java type",93-15-2,Methyl eugenol,0.1
91771-61-8,"Citronella oil, Java type",93-15-2,Methyl eugenol,0.1
8000-34-8,Clove bud oil,93-15-2,Methyl eugenol,0.1
84961-50-2,Clove bud oil,93-15-2,Methyl eugenol,0.1
8000-34-8,Clove bud oil terpenes,93-15-2,Methyl eugenol,0.1
84961-50-2,Clove bud oil terpenes,93-15-2,Methyl eugenol,0.1
8000-34-8,Clove leaf oil,93-15-2,Methyl eugenol,0.1
84961-50-2,Clove leaf oil,93-15-2,Methyl eugenol,0.1
8000-34-8,Clove stem oil,93-15-2,Methyl eugenol,0.06
84961-50-2,Clove stem oil,93-15-2,Methyl eugenol,0.06
8023-89-0,Elemi oil,93-15-2,Methyl eugenol,0.4
97675-63-3,Elemi oil,93-15-2,Methyl eugenol,0.4
9000-75-3,Elemi oil,93-15-2,Methyl eugenol,0.4
8023-89-0,Elemi resinoid,93-15-2,Methyl eugenol,0.09
97675-63-3,Elemi resinoid,93-15-2,Methyl eugenol,0.09
9000-75-3,Elemi resinoid,93-15-2,Methyl eugenol,0.09
8023-94-7,Hyacinth absolute,93-15-2,Methyl eugenol,1.5
94333-75-2,Hyacinth absolute,93-15-2,Methyl eugenol,1.5
8006-83-5,Hyssop oil,93-15-2,Methyl eugenol,0.2
84603-66-7,Hyssop oil,93-15-2,Methyl eugenol,0.2
8016-26-0,Labdanum oil,93-15-2,Methyl eugenol,0.05
90244-89-6,Labdanum oil,93-15-2,Methyl eugenol,0.05
89997-74-0,Labdanum oil,93-15-2,Methyl eugenol,0.05
8007-48-5,Laurel leaf oil,93-15-2,Methyl eugenol,3.22
8002-41-3,Laurel leaf oil,93-15-2,Methyl eugenol,3.22
84603-73-6,Laurel leaf oil,93-15-2,Methyl eugenol,3.22
8007-02-1,"Lemongrass oil, East Indian",93-15-2,Methyl eugenol,0.05
91844-92-7,"Lemongrass oil, East Indian",93-15-2,Methyl eugenol,0.05
8016-31-7,Lovage root oil,93-15-2,Methyl eugenol,0.13
84837-06-9,Lovage root oil,93-15-2,Methyl eugenol,0.13
8007-12-3,Mace oil,93-15-2,Methyl eugenol,1.2
84082-68-8,Mace oil,93-15-2,Methyl eugenol,1.2
8007-12-3,Mace oleoresin,93-15-2,Methyl eugenol,0.6
84082-68-8,Mace oleoresin,93-15-2,Methyl eugenol,0.6
68991-39-9,Mastic absolute,93-15-2,Methyl eugenol,0.01
90082-82-9,Mastic absolute,93-15-2,Methyl eugenol,0.01
68991-39-9,Mastic oil,93-15-2,Methyl eugenol,0.02
61789-92-2,Mastic oil,93-15-2,Methyl eugenol,0.02
90082-82-9,Mastic oil,93-15-2,Methyl eugenol,0.02
8008-46-6,Myrtle oil,93-15-2,Methyl eugenol,1.0
84083-67-7,Myrtle oil,93-15-2,Methyl eugenol,1.0
8008-45-5,Nutmeg oil,93-15-2,Methyl eugenol,1.2
84082-68-8,Nutmeg oil,93-15-2,Methyl eugenol,1.2
8008-45-5,Nutmeg oleoresin,93-15-2,Methyl eugenol,0.6
84082-68-8,Nutmeg oleoresin,93-15-2,Methyl eugenol,0.6
68917-09-9,Ocatea cymbarum oil,93-15-2,Methyl eugenol,0.3
91770-39-7,Ocatea cymbarum oil,93-15-2,Methyl eugenol,0.3
8006-77-7,Pimenta leaf oil,93-15-2,Methyl eugenol,6.0
84929-57-7,Pimenta leaf oil,93-15-2,Methyl eugenol,6.0
90106-38-0,Rose absolute,93-15-2,Methyl eugenol,0.43
90106-38-0,Rose concrete,93-15-2,Methyl eugenol,0.5
8007-01-0,Rose oil,93-15-2,Methyl eugenol,2.0
90106-38-0,Rose oil,93-15-2,Methyl eugenol,2.0
8007-01-0,Rose water stronger,93-15-2,Methyl eugenol,0.04
84604-12-6,Rose water stronger,93-15-2,Methyl eugenol,0.04
8006-80-2,Sassafras bark oil,93-15-2,Methyl eugenol,0.3
84787-72-4,Sassafras bark oil,93-15-2,Methyl eugenol,0.3
8016-69-1,Snakeroot oil,93-15-2,Methyl eugenol,40.0
89957-73-3,Snakeroot oil,93-15-2,Methyl eugenol,40.0
8016-88-4,Tarragon oil,93-15-2,Methyl eugenol,0.3
90131-45-6,Tarragon oil,93-15-2,Methyl eugenol,0.3
68647-73-4,Tea tree oil,93-15-2,Methyl eugenol,0.05
85085-48-9,Tea tree oil,93-15-2,Methyl eugenol,0.05
8007-46-3,Thyme absolute,93-15-2,Methyl eugenol,0.01
84929-51-1,Thyme absolute,93-15-2,Methyl eugenol,0.01
8007-46-3,"Thyme oil, red",93-15-2,Methyl eugenol,0.01
84929-51-1,"Thyme oil, red",93-15-2,Methyl eugenol,0.01
8007-46-3,"Thyme oil, white",93-15-2,Methyl eugenol,0.03
84929-51-1,"Thyme oil, white",93-15-2,Methyl eugenol,0.03
8024-05-3,Tuberose absolute,93-15-2,Methyl eugenol,1.8
94334-35-7,Tuberose absolute,93-15-2,Methyl eugenol,1.8
8024-05-3,Tuberose concrete,93-15-2,Methyl eugenol,1.07
94334-35-7,Tuberose concrete,93-15-2,Methyl eugenol,1.07
8024-12-2,Verbena absolute,93-15-2,Methyl eugenol,0.1
85116-63-8,Verbena absolute,93-15-2,Methyl eugenol,0.1
8006-81-3,Ylang ylang oil I,93-15-2,Methyl eugenol,0.04
83863-30-3,Ylang ylang oil I,93-15-2,Methyl eugenol,0.04
8006-81-3,Ylang ylang oil II,93-15-2,Methyl eugenol,0.03
83863-30-3,Ylang ylang oil II,93-15-2,Methyl eugenol,0.03
8006-81-3,Ylang ylang oil III,93-15-2,Methyl eugenol,0.04
83863-30-3,Ylang ylang oil III,93-15-2,Methyl eugenol,0.04
103798-23-6,Jasmine sambac absolute,41270-80-8,Methyl N-formylanthranilate,0.05
91770-14-8,Jasmine sambac absolute,41270-80-8,Methyl N-formylanthranilate,0.05
103798-23-6,Jasmine sambac CO2 extract,41270-80-8,Methyl N-formylanthranilate,0.05
91770-14-8,Jasmine sambac CO2 extract,41270-80-8,Methyl N-formylanthranilate,0.05
8016-38-4,"Orange flower oil, bitter (Neroli and Neroli bigarade)",41270-80-8,Methyl N-formylanthranilate,0.03
72968-50-4,"Orange flower oil, bitter (Neroli and Neroli bigarade)",41270-80-8,Methyl N-formylanthranilate,0.03
93686-22-7,Clementine oil,85-91-6,Methyl N-methylanthranilate,0.03
90131-21-8,Genet absolute,85-91-6,Methyl N-methylanthranilate,0.34
129316-65-0,Genet absolute,85-91-6,Methyl N-methylanthranilate,0.34
8008-31-9,Mandarin oil,85-91-6,Methyl N-methylanthranilate,0.4
84929-38-4,Mandarin oil,85-91-6,Methyl N-methylanthranilate,0.4
8014-17-3,Petitgrain mandarin oil,85-91-6,Methyl N-methylanthranilate,50.13
84929-38-4,Petitgrain mandarin oil,85-91-6,Methyl N-methylanthranilate,50.13
8014-17-3,"Petitgrain oil, Paraguay",85-91-6,Methyl N-methylanthranilate,0.06
72968-50-4,"Petitgrain oil, Paraguay",85-91-6,Methyl N-methylanthranilate,0.06
8014-71-9,Balm oil,106-26-3,Neral,16.68
84082-61-1,Balm oil,106-26-3,Neral,16.68
8015-73-4,"Basil oil, chemotype estragole",106-26-3,Neral,0.02
84775-71-3,"Basil oil, chemotype estragole",106-26-3,Neral,0.02
8006-78-8,"Bay leaf, West Indian, oil",106-26-3,Neral,0.2
91721-75-4,"Bay leaf, West Indian, oil",106-26-3,Neral,0.2
85085-61-6,"Bay leaf, West Indian, oil",106-26-3,Neral,0.2
8007-75-8,Bergamot oil expressed,106-26-3,Neral,0.2
"89957-91-5, 92704-01-3",Bergamot oil expressed,106-26-3,Neral,0.2
8015-88-1,Carrot seed oil,106-26-3,Neral,0.01
84929-61-3,Carrot seed oil,106-26-3,Neral,0.01
68991-25-3,Citron oil,106-26-3,Neral,1.57
85203-56-1,Eucalyptus citriodora oil,106-26-3,Neral,0.03
8007-08-7,Ginger CO2 extract,106-26-3,Neral,0.57
84696-15-1,Ginger CO2 extract,106-26-3,Neral,0.57
8016-20-4,Grapefruit essence oil,106-26-3,Neral,0.04
90045-43-5,Grapefruit essence oil,106-26-3,Neral,0.04
8016-20-4,Grapefruit oil,106-26-3,Neral,0.04
90045-43-5,Grapefruit oil,106-26-3,Neral,0.04
8008-56-8,Lemon oil steam distilled,106-26-3,Neral,0.81
84929-31-7,Lemon oil steam distilled,106-26-3,Neral,0.81
8007-02-1,"Lemongrass oil, East Indian",106-26-3,Neral,30.54
91844-92-7,"Lemongrass oil, East Indian",106-26-3,Neral,30.54
8008-26-2,Lime oil distilled,106-26-3,Neral,0.26
90063-52-8,Lime oil distilled,106-26-3,Neral,0.26
8008-26-2,"Lime oil, expressed",106-26-3,Neral,1.7
"90063-52-8, 93685-55-3","Lime oil, expressed",106-26-3,Neral,1.7
8016-33-9,"Marjoram oil, Spanish",106-26-3,Neral,0.07
"84837-14-9, 91722-83-7","Marjoram oil, Spanish",106-26-3,Neral,0.07
8016-38-4,"Orange flower oil, bitter (neroli and neroli bigarade)",106-26-3,Neral,0.04
72968-50-4,"Orange flower oil, bitter (neroli and neroli bigarade)",106-26-3,Neral,0.04
8030-28-2,Orange flower water absolute,106-26-3,Neral,0.01
72968-50-4,Orange flower water absolute,106-26-3,Neral,0.01
68916-04-1,"Orange oil, bitter",106-26-3,Neral,0.03
72968-50-4,"Orange oil, bitter",106-26-3,Neral,0.03
8008-26-2,"Persian lime oil, expressed",106-26-3,Neral,1.61
90063-52-8,"Persian lime oil, expressed",106-26-3,Neral,1.61
8014-17-3,"Petitgrain oil, Paraguay",106-26-3,Neral,0.08
72968-50-4,"Petitgrain oil, Paraguay",106-26-3,Neral,0.08
90106-38-0,Rose absolute,106-26-3,Neral,0.08
8007-01-0,Rose oil,106-26-3,Neral,0.79
90106-38-0,Rose oil,106-26-3,Neral,0.79
68608-38-8,Tangerine oil terpenes,106-26-3,Neral,0.01
93686-22-7,Tangerine oil terpenes,106-26-3,Neral,0.01
8007-46-3,"Thyme oil, red",106-26-3,Neral,0.06
84929-51-1,"Thyme oil, red",106-26-3,Neral,0.06
8007-80-5,Cassia  bark oil,1504-74-1,o-Methoxycinnamaldehyde,0.7
84961-46-6,Cassia  bark oil,1504-74-1,o-Methoxycinnamaldehyde,0.7
8007-80-5,Cassia bark oleoresin,1504-74-1,o-Methoxycinnamaldehyde,0.94
84961-46-6,Cassia bark oleoresin,1504-74-1,o-Methoxycinnamaldehyde,0.94
8007-80-5,Cassia oil,1504-74-1,o-Methoxycinnamaldehyde,9.0
84961-46-6,Cassia oil,1504-74-1,o-Methoxycinnamaldehyde,9.0
8015-91-6,Cinnamon bark oil,1504-74-1,o-Methoxycinnamaldehyde,0.5
84649-98-9,Cinnamon bark oil,1504-74-1,o-Methoxycinnamaldehyde,0.5
8046-19-3,Styrax essence pyrogenated,106-44-5,p-Cresol,0.35
8024-01-9,"Styrax oil, pyrogenated",106-44-5,p-Cresol,0.3
94891-27-7,"Styrax oil, pyrogenated",106-44-5,p-Cresol,0.3
8000-42-8,Caraway seed oil,2111-75-3,Perilla aldehyde,0.1
85940-31-4,Caraway seed oil,2111-75-3,Perilla aldehyde,0.1
8023-92-5,Gingergrass oil,2111-75-3,Perilla aldehyde,0.2
92704-07-9,Gingergrass oil,2111-75-3,Perilla aldehyde,0.2
68916-46-1,"Grapefruit oil, terpeneless",2111-75-3,Perilla aldehyde,1.0
90045-43-5,"Grapefruit oil, terpeneless",2111-75-3,Perilla aldehyde,1.0
68916-04-1,"Orange oil, bitter",2111-75-3,Perilla aldehyde,0.02
72968-50-4,"Orange oil, bitter",2111-75-3,Perilla aldehyde,0.02
68647-72-3;,"Orange oil, sweet, terpenes",2111-75-3,Perilla aldehyde,0.01
8028-48-6,"Orange oil, sweet, terpenes",2111-75-3,Perilla aldehyde,0.01
68132-21-8,Perilla oil,2111-75-3,Perilla aldehyde,53.78
90082-61-4,Perilla oil,2111-75-3,Perilla aldehyde,53.78
68608-38-8,Tangerine oil terpenes,2111-75-3,Perilla aldehyde,0.01
93686-22-7,Tangerine oil terpenes,2111-75-3,Perilla aldehyde,0.01
8015-88-1,Carrot seed oil,536-60-7,p-Isopropylbenzyl alcohol,0.06
84929-61-3,Carrot seed oil,536-60-7,p-Isopropylbenzyl alcohol,0.06
97676-19-2,Cassis bud absolute,536-60-7,p-Isopropylbenzyl alcohol,0.1
68606-81-5,Cassis bud absolute,536-60-7,p-Isopropylbenzyl alcohol,0.1
8014-13-9,Cumin seed oil,536-60-7,p-Isopropylbenzyl alcohol,0.2
84775-51-9,Cumin seed oil,536-60-7,p-Isopropylbenzyl alcohol,0.2
93165-50-5,Lavender oil dentata,536-60-7,p-Isopropylbenzyl alcohol,0.2
8007-70-3,Anise seed oil,123-11-5,p-Methoxybenzaldehyde,0.43
84775-42-8,Anise seed oil,123-11-5,p-Methoxybenzaldehyde,0.43
8015-73-4,"Basil oil, chemotype estragole",123-11-5,p-Methoxybenzaldehyde,0.1
84775-71-3,"Basil oil, chemotype estragole",123-11-5,p-Methoxybenzaldehyde,0.1
8023-82-3,Cassie absolute,123-11-5,p-Methoxybenzaldehyde,1.0
89958-31-6,Cassie absolute,123-11-5,p-Methoxybenzaldehyde,1.0
84625-39-8,"Fennel oil, bitter, phellandrene type",123-11-5,p-Methoxybenzaldehyde,0.2
8006-84-6,"Fennel oil, bitter,anethole type",123-11-5,p-Methoxybenzaldehyde,0.3
84625-39-8,"Fennel oil, bitter,anethole type",123-11-5,p-Methoxybenzaldehyde,0.3
8006-84-6,"Fennel oil, sweet",123-11-5,p-Methoxybenzaldehyde,0.47
84455-29-8,"Fennel oil, sweet",123-11-5,p-Methoxybenzaldehyde,0.47
8031-03-6,Mimosa absolute,123-11-5,p-Methoxybenzaldehyde,0.1
93685-96-2,Mimosa absolute,123-11-5,p-Methoxybenzaldehyde,0.1
98903-76-5,Mimosa absolute,123-11-5,p-Methoxybenzaldehyde,0.1
68952-43-2,Star anise oil,123-11-5,p-Methoxybenzaldehyde,0.2
84650-59-9,Star anise oil,123-11-5,p-Methoxybenzaldehyde,0.2
8024-06-4,Vanilla absolute,123-11-5,p-Methoxybenzaldehyde,0.03
84650-63-5,Vanilla absolute,123-11-5,p-Methoxybenzaldehyde,0.03
8024-06-4,Vanilla CO2 extract,123-11-5,p-Methoxybenzaldehyde,0.0
84650-63-5,Vanilla CO2 extract,123-11-5,p-Methoxybenzaldehyde,0.0
8024-06-4,Vanilla oleoresin,123-11-5,p-Methoxybenzaldehyde,0.03
84650-63-5,Vanilla oleoresin,123-11-5,p-Methoxybenzaldehyde,0.03
953789-39-4,Vanilla tahitensis absolute,123-11-5,p-Methoxybenzaldehyde,0.0
94167-14-3,Vanilla tahitensis absolute,123-11-5,p-Methoxybenzaldehyde,0.0
953789-39-4,Vanilla tahitensis CO2 extract,123-11-5,p-Methoxybenzaldehyde,0.0
94167-14-3,Vanilla tahitensis CO2 extract,123-11-5,p-Methoxybenzaldehyde,0.0
8008-51-3,"Camphor oil, brown",94-59-7,Safrole,80.0
92201-50-8,"Camphor oil, brown",94-59-7,Safrole,80.0
92704-03-5,"Camphor oil, brown",94-59-7,Safrole,80.0
8008-51-3,"Camphor oil, yellow",94-59-7,Safrole,50.0
92201-50-8,"Camphor oil, yellow",94-59-7,Safrole,50.0
92704-03-5,"Camphor oil, yellow",94-59-7,Safrole,50.0
8015-91-6,Cinnamon bark oil,94-59-7,Safrole,0.2
84649-98-9,Cinnamon bark oil,94-59-7,Safrole,0.2
8015-91-6,Cinnamon leaf oil,94-59-7,Safrole,1.2
84649-98-9,Cinnamon leaf oil,94-59-7,Safrole,1.2
8007-87-2,Cubeb oil,94-59-7,Safrole,0.04
90082-59-0,Cubeb oil,94-59-7,Safrole,0.04
68855-99-2,Litsea cubeba oil,94-59-7,Safrole,0.05
90063-59-5,Litsea cubeba oil,94-59-7,Safrole,0.05
8007-12-3,Mace oil,94-59-7,Safrole,1.7
84082-68-8,Mace oil,94-59-7,Safrole,1.7
8007-12-3,Mace oleoresin,94-59-7,Safrole,1.6
84082-68-8,Mace oleoresin,94-59-7,Safrole,1.6
8008-45-5,Nutmeg oil,94-59-7,Safrole,1.5
84082-68-8,Nutmeg oil,94-59-7,Safrole,1.5
8008-45-5,Nutmeg oleoresin,94-59-7,Safrole,1.0
84082-68-8,Nutmeg oleoresin,94-59-7,Safrole,1.0
68917-09-9,Ocatea cymbarum oil,94-59-7,Safrole,92.0
91770-39-7,Ocatea cymbarum oil,94-59-7,Safrole,92.0
91770-56-8,Ravensara aromatica oil,94-59-7,Safrole,0.03
8006-80-2,Sassafras bark oil,94-59-7,Safrole,92.0
84787-72-4,Sassafras bark oil,94-59-7,Safrole,92.0
8015-79-0,Calamus oil,2883-98-9,trans-Asarone/alpha-Asarone,0.7
84775-39-3,Calamus oil,2883-98-9,trans-Asarone/alpha-Asarone,0.7
8015-88-1,Carrot seed oil,2883-98-9,trans-Asarone/alpha-Asarone,0.19
84929-61-3,Carrot seed oil,2883-98-9,trans-Asarone/alpha-Asarone,0.19
8007-87-2,Cubeb oil,2883-98-9,trans-Asarone/alpha-Asarone,1.55
90082-59-0,Cubeb oil,2883-98-9,trans-Asarone/alpha-Asarone,1.55
8024-12-2,Verbena absolute,2883-98-9,trans-Asarone/alpha-Asarone,0.1
85116-63-8,Verbena absolute,2883-98-9,trans-Asarone/alpha-Asarone,0.1
8008-26-2,"Lime oil, expressed",1134-95-8,trans-Carvyl acetate,0.2
"90063-52-8, 93685-55-3","Lime oil, expressed",1134-95-8,trans-Carvyl acetate,0.2
8046-19-3,Styrax absolute,5932-68-3,trans-Isoeugenol,0.03
94891-27-7,Styrax absolute,5932-68-3,trans-Isoeugenol,0.03
94891-28-8,Styrax absolute,5932-68-3,trans-Isoeugenol,0.03
8006-76-6,Champaca absolute,106-28-5,trans-trans-Farnesol,0.01
92457-18-6,Champaca absolute,106-28-5,trans-trans-Farnesol,0.01
103798-23-6,Jasmine sambac absolute,106-28-5,trans-trans-Farnesol,0.6
91770-14-8,Jasmine sambac absolute,106-28-5,trans-trans-Farnesol,0.6
103798-23-6,Jasmine sambac CO2 extract,106-28-5,trans-trans-Farnesol,0.6
91770-14-8,Jasmine sambac CO2 extract,106-28-5,trans-trans-Farnesol,0.6
8008-26-2,Lime oil distilled,106-28-5,trans-trans-Farnesol,0.02
90063-52-8,Lime oil distilled,106-28-5,trans-trans-Farnesol,0.02
8016-38-4,"Orange flower oil, bitter (neroli and neroli bigarade)",106-28-5,trans-trans-Farnesol,2.18
72968-50-4,"Orange flower oil, bitter (neroli and neroli bigarade)",106-28-5,trans-trans-Farnesol,2.18
8014-17-3,"Petitgrain oil, Paraguay",106-28-5,trans-trans-Farnesol,0.03
72968-50-4,"Petitgrain oil, Paraguay",106-28-5,trans-trans-Farnesol,0.03
8007-01-0,Rose oil,106-28-5,trans-trans-Farnesol,1.37
90106-38-0,Rose oil,106-28-5,trans-trans-Farnesol,1.37
8024-35-9,"Sandalwood oil, Australian",106-28-5,trans-trans-Farnesol,8.38
92875-02-0,"Sandalwood oil, Australian",106-28-5,trans-trans-Farnesol,8.38
91845-48-6,"Sandalwood oil, New Caledonian",106-28-5,trans-trans-Farnesol,0.85
8006-81-3,Ylang ylang oil I,106-28-5,trans-trans-Farnesol,1.82
83863-30-3,Ylang ylang oil I,106-28-5,trans-trans-Farnesol,1.82
8006-81-3,Ylang ylang oil II,106-28-5,trans-trans-Farnesol,2.35
83863-30-3,Ylang ylang oil II,106-28-5,trans-trans-Farnesol,2.35
8006-81-3,Ylang ylang oil III,106-28-5,trans-trans-Farnesol,1.76
83863-30-3,Ylang ylang oil III,106-28-5,trans-trans-Farnesol,1.76
